,date_of_report,postal_code,first_time_experience,aggressor,written_report
0,12/05/2020 07:51 AM,SW1V 4DG,no,brother,w
1,23/04/2020 08:31 PM,nan,yes,brother,gh4sky520l5a2xxl8jeitu6tevsd3j0l0o5fth1gnm5q
2,05/05/2020 02:14 AM,DN55 1PT,yes,brother,9b5j8lp9c04yx0qe5hwmaiutlfxffnt7msosb
3,19/05/2020 02:24 AM,SE1 8XX,yes,brother,edqbjpzsdhyqobn
4,16/05/2020 10:53 AM,SE1 8XX,no,father,03cqtiq3yotp5u4runtckhof
5,07/05/2020 03:21 AM,SW1V 4DG,no,father-in-law,m34yyywxgutl2t8hz78z64l5a8x0gr5e6xis6lxjbpx
6,24/04/2020 07:49 PM,SE1 8XX,yes,partner,1tp5xieo3tryboe1jtqjtf
7,14/05/2020 04:05 AM,B33 8TH,no,brother,vvkbdu9ttpx0hsuw9qr9xygasgxgw9vv2b38e
8,02/05/2020 02:22 PM,SW1V 4DG,yes,father-in-law,s9xx4ky4zxegmov1f1jy0
9,10/05/2020 12:03 PM,CR2 6XH,no,partner,0mub90xacp04kb2o1ee63h3is
10,15/05/2020 04:46 PM,B33 8TH,yes,brother,ysigx4igwnfvqwfjv641zrvk7xb07v4clzw11q1lre
11,18/04/2020 02:57 AM,B33 8TH,no,father-in-law,ai37534zn6uv16dxd9na1jps0tqd6luo
12,27/04/2020 12:20 AM,M1 1AE,yes,partner,n612shp3s8hxhj6988i7y6u88t
13,03/05/2020 12:02 AM,SW1 3RN,no,father,x2297yfh9wa1y5r
14,04/05/2020 02:17 AM,nan,yes,partner,4b5bbe5gin0z44j7ly9yabwzm4kfqpo
15,21/04/2020 01:26 AM,nan,yes,brother,xqdvd9efub60ily0e52pzbxj
16,04/05/2020 09:42 AM,B33 8TH,no,father-in-law,ekjtt5g308kumglj7ueox3da9ciy9iy5vuk50ue
17,31/05/2020 08:36 AM,DN55 1PT,yes,father,2un4ktk3qku
18,27/05/2020 07:37 AM,B7 4NG,no,brother,x84fq1e6o2tn105mrk37g9iad5cxefwh6r3
19,15/05/2020 10:14 PM,SW1V 4DG,yes,brother,x71cfesy3
20,14/05/2020 03:19 PM,CR2 6XH,no,partner,qa1w4rix
21,03/05/2020 07:09 PM,X,yes,brother,e7ca0afc3hbrrz2cl24rdo39msrlgnvdyivhhe24
22,24/05/2020 10:20 PM,W1A 0AX,yes,father,qnc081psmewc7whh3kqiv3
23,08/05/2020 06:16 AM,EC1A 1BB,no,father,tf1nfkpe280essrfl4s5
24,12/05/2020 08:27 AM,M1 1AE,no,father-in-law,g66fpxayhaiadfpu6jwc2yhw1e7d5sbbs97zs45qtm2
25,15/05/2020 03:44 AM,SW1 3RN,no,partner,d55j2cfosx756sg9s
26,22/05/2020 05:22 PM,SW1 3RN,yes,father,n6ddxl0yrfj06o2kqbg7ztkv
27,11/05/2020 06:53 PM,X,yes,partner,rqsn6gbjxpzhve4vrwc3ixrtlif73b6i8ku5pbp7t
28,23/04/2020 10:24 PM,SW1 3RN,no,father-in-law,zva2172rn6ynp74b0j9vfpes2brdkgsq6i7d27
29,14/05/2020 11:52 PM,X,no,brother,9nmowuuxswfz364ov9oy0a7m7orwuu4cvq1abbjs4ph54
30,18/05/2020 11:08 PM,X,no,father-in-law,44ovc1c7vziz
31,17/05/2020 04:41 AM,SE1 8XX,yes,father,nsd9t98t42830eui7lqffg049o0v9p5rk4xmrk701t2
32,26/05/2020 04:22 AM,SE1 8XX,no,father,xajg6dpl1kthhbiok21iq467dr
33,24/05/2020 07:15 AM,SE1 8XX,yes,father-in-law,3ou4d4d1ngqdiynrjwj3cew2i3urlci32nzf6lq3me
34,17/04/2020 09:49 PM,nan,no,brother,e17t06qlof9dwepudnrhumhctdmxukmdlu2si
35,25/05/2020 07:16 PM,SW1 3RN,no,partner,gdbdc8u4mw
36,20/05/2020 02:04 PM,nan,no,father-in-law,l5l5z6gynsa1zrzz3ntqby7yslfad
37,16/04/2020 03:45 PM,X,yes,brother,vffmh96ro0c7comv6tryxzr9o3nxy0vizhfmw41phyorj
38,17/04/2020 08:45 AM,DN55 1PT,no,father,gjik8r6rut7otf5vdua0o6phsghywaj9ye3u1x5
39,30/05/2020 08:14 PM,nan,no,father,sy0qnuofkji1
40,02/05/2020 01:14 PM,B33 8TH,no,partner,k4p26l6odchiq5dck5m7cuizn4i43uuit28j
41,30/05/2020 08:16 AM,nan,no,partner,f03sowf3k56w5yzvjvsrg7xseg4plwokbb20d0
42,26/05/2020 03:54 AM,DN55 1PT,yes,partner,ivrgnajpclzouj60cnsi7bdcp3o6uhbhpv1m0toplvls
43,31/05/2020 03:20 AM,SW1V 4DG,yes,father-in-law,liyxhsmbc4r4c0rynqpr2kwrju8
44,22/05/2020 05:24 AM,W1A 0AX,yes,father,p3hlavp
45,28/04/2020 04:50 PM,X,yes,partner,p99q1uh56d82bzvtp3w01gvas
46,20/04/2020 03:46 AM,M1 1AE,yes,partner,br94kqnmox6h6zq5fb3
47,16/05/2020 08:47 PM,M1 1AE,no,father,gbmgem52clcscq1axdcd8mh3p1b9tpre
48,31/05/2020 02:35 AM,B33 8TH,yes,father-in-law,aee8jw1yno9tx1g
49,30/05/2020 10:33 PM,W1A 0AX,no,brother,w1wf56r77y2v68wp4ux9ee58y6pqalrtft0mehjpwp28
50,27/05/2020 12:38 PM,M1 1AE,yes,brother,v5n
51,20/05/2020 08:21 AM,M1 1AE,yes,father-in-law,jgcx9dssh
52,21/05/2020 12:17 PM,SW1 3RN,yes,father-in-law,ju30b3lq
53,23/04/2020 05:31 AM,X,no,father-in-law,imibves0hqmxjmkob0kppvp6ir7e4hv1d8bno4n44a4iphdte
54,27/05/2020 12:27 AM,W1A 0AX,yes,partner,kf3p3vyz30sf9oa2dqaoholuqvd36mryo2bm0cv1u24k
55,31/05/2020 09:15 PM,SW1V 4DG,yes,partner,sf6o5r2mi8z27gk7b8as
56,14/05/2020 03:49 PM,B33 8TH,no,brother,p1miyy6qbuwfvmx6f754hoh5afxi88ley13vgn4s
57,31/05/2020 09:00 PM,B7 4NG,no,father,5cjlrarx9jpnl93vueqv8zcl
58,21/05/2020 12:48 AM,SW1V 4DG,yes,partner,uqzf2r0mz
59,20/04/2020 02:08 PM,SE1 8XX,no,father-in-law,3lwh8dndd7mgdyli6q697ru1lbzf5car0
60,21/05/2020 06:27 AM,B7 4NG,yes,partner,wvp32x3efclybzqkw0y2cxoj4v7tjtvkcxzdv5tmkh
61,06/05/2020 12:55 PM,SW1V 4DG,yes,brother,9lkuvbv061vl3wn8jf6iuweucols19l6hvrzybt80zfhg
62,21/05/2020 01:37 AM,B7 4NG,yes,father-in-law,r7stxvcthmxtvetg46rqudxrcyst
63,22/05/2020 01:25 AM,X,no,brother,hfinjp1x0k1v92ex52i
64,11/04/2020 10:37 PM,nan,no,brother,ztlwz8vu4y4ngd9gk
65,19/05/2020 10:35 PM,CR2 6XH,yes,partner,r8zdkr2ov4x4rm3pckty2vnb7nnopmu5srqgzij35azam
66,09/05/2020 05:08 PM,X,yes,partner,yn2t5gkxbv321ggkcwtvzq7lqk4u8w88l3gz5pgq32y61
67,31/05/2020 11:04 AM,M1 1AE,yes,father,n4rpk81qqlda
68,30/05/2020 06:53 PM,SE1 8XX,no,brother,6x29h0elq0tgijuzac3pgeu5a798m
69,04/05/2020 08:21 PM,CR2 6XH,no,father-in-law,puzl4h1s3i28d0rxn2d51dy8jfnwjhhnhunusclu6kla
70,26/04/2020 02:54 PM,nan,yes,brother,m1mffuj10qo9
71,17/05/2020 04:35 AM,B33 8TH,no,father,4rfg6hk7o0g5dr7dseabftcdutnu36eg6th
72,03/05/2020 05:35 PM,nan,no,father-in-law,0g1z9asgo5elvn4n2eabl1btdd2khy8xhkeixyrf2
73,13/05/2020 08:39 PM,SW1V 4DG,no,father-in-law,x4dzr699gjnnbey90ojt5bj55fumukxbn3e
74,20/05/2020 07:32 PM,SW1V 4DG,no,father,8j1x40g0h0yjqnlnvccm4069ahhx2x5aoec8axken94
75,31/05/2020 12:51 AM,SE1 8XX,yes,father,sez50u160fwjliqzopjggsi6gi
76,21/05/2020 11:59 AM,DN55 1PT,yes,brother,vwg1pgmo59h5nth6ldq
77,14/05/2020 01:39 AM,SE1 8XX,yes,father,vobtht4kyl479lqgh4tzo5wmkaz9fc32uyzeaonk62kisd00t6
78,16/05/2020 04:19 PM,CR2 6XH,no,brother,4p1hhm25
79,17/05/2020 02:14 AM,EC1A 1BB,yes,father,735m0
80,13/05/2020 07:44 PM,CR2 6XH,no,partner,1i0qyf409x84pfmwtd2pd75yar5vp3ozls
81,16/05/2020 03:46 AM,X,yes,father-in-law,xhk4fm1st9nmq
82,21/05/2020 11:34 AM,DN55 1PT,no,brother,edwmh7gpnc8li73kjbkz0tulsbs9514p8o5ur3mkksd2yl
83,19/04/2020 05:45 PM,B33 8TH,no,father-in-law,oqb503oezkdv34qwrmo74dwvbxgl0dgsaxyywwbmjudgqsgct
84,24/05/2020 11:33 AM,M1 1AE,yes,partner,djcsg3n4qwxxpt7a3e2snk6vf51n0akfzqj8wz8npp6y1
85,11/05/2020 08:13 PM,SE1 8XX,yes,father,yw9xx6kj6aqh8a0zogkshg
86,16/05/2020 10:45 AM,SW1 3RN,yes,father-in-law,o6k8xh2g82s2do1yz8
87,25/05/2020 11:12 AM,B7 4NG,yes,partner,70xe877fokuypbjtxdkpp4erguk8qbv4b9vp7i4u7a
88,07/05/2020 05:48 PM,CR2 6XH,yes,brother,b3r3lalntadwn40m2sgtoiyg8jtygcxu8xw7
89,20/05/2020 10:40 AM,DN55 1PT,yes,partner,54sf7voay
90,22/05/2020 12:36 PM,SW1V 4DG,yes,brother,pvb3hjnj5zldtg
91,26/05/2020 02:31 PM,EC1A 1BB,yes,partner,8ggee0lsa8lc9e
92,27/04/2020 12:31 AM,SW1 3RN,yes,partner,7fgqs5ydqe5f3richvvespr15xvytp122sbutqmexvcv
93,22/04/2020 08:05 PM,SW1V 4DG,no,father,9mp61mopu4bpppblxfm229izcet32av0nvnr8zuptm6
94,09/05/2020 04:41 PM,B7 4NG,yes,partner,88akhedfh1hbtme1l7gzxq
95,20/04/2020 07:11 PM,B7 4NG,no,brother,2i6y65xwxqjmokmq69jyo8d4eci2iei31vud
96,23/04/2020 11:27 PM,CR2 6XH,yes,brother,vuy17tejp2dy11v8pnm9w554ogxgfsqtf21l4meq806
97,14/05/2020 06:42 PM,DN55 1PT,no,father-in-law,lv
98,27/04/2020 02:30 AM,nan,no,father-in-law,5k03fza3
99,21/05/2020 02:18 AM,W1A 0AX,yes,father-in-law,u1efde08h3zsgnf83
100,19/05/2020 11:14 AM,SW1V 4DG,yes,father,5438
101,12/05/2020 05:53 PM,EC1A 1BB,no,father-in-law,xfqp7
102,03/05/2020 03:29 PM,M1 1AE,no,father,l2fn6464tzfq2ehrim299k6aododq6oa
103,28/04/2020 04:31 AM,X,yes,father,f44i970037fbzj5ts857
104,09/05/2020 08:36 AM,CR2 6XH,no,father-in-law,c6vaztozjtz7icjpb3ou93fbv5zlifvttpxk4hcdy5
105,29/05/2020 07:10 PM,B33 8TH,yes,partner,64v8kg8m8p5bx7btbc0
106,24/05/2020 09:06 PM,B7 4NG,yes,partner,66je9hvnzg5v7eu35pz01p4fd11u47nv5kgh0zj
107,28/05/2020 11:43 PM,DN55 1PT,yes,brother,cku3ou5j996t0u42jombcfrp5si
108,14/05/2020 03:54 PM,DN55 1PT,no,partner,1rlm4knmvp7f82a0piji4kyl4fghtdrhmi8t4tj39cl20ftgs
109,25/05/2020 01:35 PM,SW1 3RN,yes,father,9b7zvwubqgc1c0n49622qsg2ehx6ahh44530t22
110,07/05/2020 04:05 AM,nan,no,father-in-law,mjxvmh4na
111,13/05/2020 04:31 PM,EC1A 1BB,no,father,pa8
112,28/05/2020 09:05 PM,W1A 0AX,yes,brother,g5dmht6q3ztigf27tb0h61lr7xpyhsypw1t0r
113,28/05/2020 01:35 AM,M1 1AE,no,partner,j2smxur9bdkoh5wqbbq4p3xab81c2c41gavygh5ex302
114,11/05/2020 09:19 AM,EC1A 1BB,yes,partner,3utg9zlmha4c6zvjzzanpeow3xpgzfo9u90mugxorkv
115,27/05/2020 11:07 AM,EC1A 1BB,yes,father-in-law,690gqsoahb2esy6yivdk2hqxzzwgwu0fbyzbltdakzm354k9
116,16/05/2020 02:51 AM,SW1V 4DG,yes,father-in-law,jpjxf4a4l5v68hrw3guzf8k2cnav52pf6pw0
117,09/05/2020 10:58 PM,SW1V 4DG,yes,partner,t1ajv3
118,23/05/2020 03:14 PM,X,yes,brother,91mpf2ew4joopz
119,29/05/2020 06:43 AM,DN55 1PT,yes,partner,8ioa
120,08/05/2020 04:33 PM,SW1 3RN,no,partner,khv1ckgywglj2svmibg5upbv1y5m1x58ghonbpem8dlwc
121,23/05/2020 08:35 PM,EC1A 1BB,yes,father,6hdtctd1ar3drmdxeiv3lekfy92
122,31/05/2020 12:46 PM,W1A 0AX,no,father-in-law,q6ll31rmnz3
123,28/04/2020 07:25 PM,DN55 1PT,yes,father,81jnw
124,09/05/2020 05:55 AM,M1 1AE,yes,father-in-law,8ld
125,20/05/2020 08:42 AM,W1A 0AX,no,father,nwjqc
126,28/05/2020 11:41 AM,X,no,partner,5efc2bq4j2o
127,17/05/2020 06:58 AM,SE1 8XX,yes,brother,8uifwxv0lgde7iwiji0l1ge9f7dnlohcheu7
128,02/05/2020 12:16 PM,W1A 0AX,no,father-in-law,mtfaoqy3u7s6m0t4dx9vya4n
129,31/05/2020 05:41 PM,SW1 3RN,yes,brother,e1mikgo322lv25gxjbxrsppo
130,30/05/2020 01:04 PM,CR2 6XH,no,brother,gwd1o67mti
131,17/05/2020 09:26 AM,SW1 3RN,no,father-in-law,jjr32qfn3i067h3n0qgme4n
132,21/05/2020 05:03 PM,SW1V 4DG,yes,father-in-law,vqa3275bh0l11nv4em3mqcqo3mv
133,12/05/2020 06:42 PM,B33 8TH,no,father-in-law,m8523bruhxzvu6a3jo4hzhyfhgkd
134,24/05/2020 01:07 PM,X,no,father,onbqhmpfugkbh3izgwymbnvaiyb6qd5sumega66q0
135,27/04/2020 10:04 AM,X,no,father,i0vi6d38u4ccn86b99pv0swdpjza1gf9mee
136,29/05/2020 10:21 PM,M1 1AE,no,partner,g551wezgpvg9il8oo0hc866f2w7ppm05em0p5t9
137,12/05/2020 02:48 PM,CR2 6XH,yes,brother,21urd9rvac344tlb2r0ehr
138,10/05/2020 01:29 PM,X,yes,father,ftpg3p7a24kxg0aaef0i1xx44bteuxcsdf0
139,21/04/2020 12:35 AM,EC1A 1BB,no,father-in-law,lxq0ira9kng2gup4xxwr2jkludrcqriqtnot2no2q8nvh
140,13/05/2020 08:27 PM,M1 1AE,yes,brother,ndha02dsgh27rkzz13
141,11/05/2020 10:08 PM,CR2 6XH,no,father,sujtr5ufdamd0opv2x0g7iiu7f7ashrybcvcktip1z
142,01/05/2020 05:09 AM,SW1 3RN,no,father-in-law,y
143,19/04/2020 12:31 AM,X,yes,partner,o
144,01/05/2020 08:46 PM,W1A 0AX,yes,brother,4sywir75w8vtq3o0gc49wxbbze00zhqvp3w7h
145,09/05/2020 12:59 AM,DN55 1PT,no,father,8mmh30n16bnri2tobn5d12xy23ean49
146,16/05/2020 11:38 AM,EC1A 1BB,no,partner,kon5x26m31m20zhrrtengg0imuonca0e7fn09t493v
147,24/04/2020 10:13 PM,B33 8TH,yes,father-in-law,3c389mrpu21cuw81mossta26w
148,21/05/2020 07:39 AM,X,yes,father,ox6ap1ud19tj32c30cxjrlcvpa44tq2tm
149,11/05/2020 03:55 PM,B33 8TH,yes,father-in-law,c62b
150,06/05/2020 11:09 AM,CR2 6XH,yes,father,8pyi6au9zys203mwjwfjmye52god9xyn1u241w
151,15/05/2020 03:13 AM,M1 1AE,yes,partner,t0vutgl9vrnwcu2sj8ozayl42tf5s7654
152,30/05/2020 07:11 PM,B7 4NG,yes,brother,m1od99y44ot53dxxe7ez52w6t3xwdu3dw5rw43ldxt6i06
153,26/05/2020 01:38 PM,CR2 6XH,no,father,6fibo4swntddggzvf6a7z96f
154,23/05/2020 09:01 PM,EC1A 1BB,yes,partner,lgmqmbvmal
155,25/05/2020 04:26 AM,EC1A 1BB,yes,partner,5bewzj13jo933xqayjfrn
156,29/05/2020 09:46 AM,SW1V 4DG,no,brother,b2qghvogl7vlc
157,07/05/2020 07:14 AM,SE1 8XX,yes,father,i2662qpdop21084834lbw
158,14/05/2020 08:10 PM,SW1V 4DG,yes,father,5prd9vnww4muki3xpwmg6opsyqj23mm97p9rt
159,26/05/2020 02:46 PM,SE1 8XX,yes,father,dtun8ldcod8nwrriohoy5fvs2maetd
160,30/05/2020 12:43 PM,SW1V 4DG,no,father,za4hsgr31i1x4cmslg96ujfcw88fjjs
161,09/05/2020 06:44 PM,M1 1AE,yes,partner,fwo2xt9axan8y
162,30/05/2020 09:55 PM,SE1 8XX,yes,father-in-law,0da48hhs0j5gd8fmbf2yv2ebv9wdgglzn1dyhul1fvxpqez
163,12/05/2020 07:05 PM,CR2 6XH,no,brother,ezjz6qr77w6
164,22/05/2020 03:48 AM,EC1A 1BB,no,partner,
165,27/05/2020 04:42 AM,B7 4NG,yes,father,ve4qdwv7kzgksl237dw0yzrgi0
166,21/05/2020 10:53 PM,M1 1AE,no,brother,5l69dbak0ewc3iag3qhdmjh6igz8fdgwjgkk006067edhsfr
167,21/04/2020 09:58 AM,X,yes,brother,1fybvqbq5ccd2h0t4m586e5i4jvdkfux0s0k463ggubt6nw5xv
168,22/04/2020 02:08 PM,DN55 1PT,yes,father,lavugzpygcptgcjtilh1ym7ozwepra2nzse44ozs0q64
169,07/05/2020 05:35 PM,DN55 1PT,no,partner,rhaqshc9fxz4bdky3hcy19qamku8qgy43k5sy64v5g
170,19/05/2020 02:46 AM,CR2 6XH,yes,partner,v1
171,02/05/2020 01:04 AM,SW1V 4DG,yes,brother,2k23t4pqrc16nwmddg5xe8ezwd5c2no9yhri5h
172,15/05/2020 01:16 AM,W1A 0AX,yes,brother,agim3wne5hg8l086u0hapcr9abzbsh5sf69fs87d81je83z0h
173,31/05/2020 11:39 PM,B7 4NG,no,partner,i4l
174,17/05/2020 12:07 AM,X,no,partner,fvx02b2w5qx2jky2yf5wb7lrsbx68wu
175,23/05/2020 10:02 AM,SW1 3RN,yes,father-in-law,km3ud7rte8w23q9d0iri6t
176,23/04/2020 08:28 PM,M1 1AE,no,partner,nxir4xe19yau6lxg39epoanwi1ykbuhqv2y3h7sy
177,23/05/2020 10:15 AM,B33 8TH,no,father-in-law,cheadiu91jioy8m9m93ayhogim3w2ihg6bok
178,24/05/2020 11:45 PM,B33 8TH,yes,partner,ey9rz
179,24/05/2020 09:35 PM,B33 8TH,yes,partner,
180,29/05/2020 04:56 AM,M1 1AE,no,father,65076aledm6vkk8oglcrl
181,10/05/2020 02:54 AM,DN55 1PT,no,brother,x0b6jlmonid9jz54xy
182,13/05/2020 08:10 PM,nan,yes,father-in-law,ckbsyqasa8ao5ne4pfbouoj8iqp7dtpqy1
183,13/05/2020 11:37 PM,B33 8TH,yes,brother,45j8kgg3sbtyve5
184,16/05/2020 11:40 PM,W1A 0AX,no,father-in-law,6tlx7wf71gxzimaco0o3v9md06zhwqtz2
185,18/05/2020 12:42 PM,B33 8TH,yes,father-in-law,8gb85h0od
186,17/05/2020 04:13 AM,EC1A 1BB,no,brother,gqrrta09d4pdy7gsqbh6xh0y10ghoucggrsgkoemu
187,29/04/2020 11:38 PM,B7 4NG,no,partner,2g2g
188,23/04/2020 12:14 AM,SW1 3RN,no,brother,341zmwvx6zmtfzzzljppn
189,22/05/2020 01:46 AM,EC1A 1BB,yes,father-in-law,aq
190,17/04/2020 05:55 AM,X,yes,brother,8m8lwjj35ioifnlrtlbixzth5nb33o04yr0e7vmow3fwdni
191,16/05/2020 03:14 AM,W1A 0AX,yes,father,d0wnrsvftya3iqeapjugbt0ubtmvbk8qjm
192,21/05/2020 02:26 PM,SW1 3RN,no,father-in-law,yp
193,05/05/2020 04:38 AM,SW1 3RN,yes,partner,hfhui9j0c6isbpf1r4yrmlecfdrf0br2dxxycc8f5kk1xg
194,02/05/2020 05:50 PM,SW1 3RN,no,partner,b7tzjx1ell45fh36xg0tsri5sn5cq1o8ilycp2cvw
195,23/04/2020 04:16 AM,SW1 3RN,no,partner,bsbm6l9cydfqaa7tnwa9f67td7zh2oj4w0y3xfb765o
196,17/05/2020 03:39 AM,W1A 0AX,yes,brother,h2kg18ey968s2
197,30/05/2020 02:14 PM,M1 1AE,yes,partner,yvxx1symjeup2f2rvj2otylqq0wqr2tzdrwwqvc
198,28/05/2020 04:05 AM,DN55 1PT,no,father-in-law,ijmn7fkrkg
199,04/05/2020 03:42 PM,DN55 1PT,yes,partner,eaud7bc7mzoaju7btct5gju
200,01/05/2020 10:06 AM,nan,yes,father-in-law,yfiqfc1e96vba1qfz958kt8rk08jkdpnkawm
201,15/05/2020 05:17 AM,W1A 0AX,no,partner,jnaqvcnbmf7nyyfv1qbxs7friy5fudclsvbm2jb8upk1
202,19/05/2020 04:17 AM,nan,no,brother,jf88e528yvzwcuvy6x84at54ecafsn5
203,31/05/2020 10:25 PM,SW1V 4DG,yes,partner,ujcekx4i6voxyjq9vwgvkw479
204,26/04/2020 03:49 AM,CR2 6XH,yes,partner,0vez749af2ojlvdgkfem59ns7vly942iiys58
205,29/04/2020 11:19 AM,CR2 6XH,no,brother,z6ahtnhk55qdi
206,20/05/2020 10:33 AM,SE1 8XX,no,partner,zg5k05znuksh5b9dx4f3mb1que6km3eust6ig4uju
207,04/05/2020 02:59 PM,DN55 1PT,no,partner,yhlxci5juxhotz64cnlyqm35i94g6von05wvq9kpr2kh
208,19/04/2020 11:10 AM,EC1A 1BB,no,father-in-law,0w2yvogbkt42lpkw8
209,21/05/2020 06:54 AM,B33 8TH,yes,father-in-law,h4
210,27/05/2020 05:53 PM,DN55 1PT,no,partner,8pvbmqnqxw9bz0vd3arbxl99xnjwswu
211,02/05/2020 10:43 PM,X,no,father,lk6md0ux0z0fp
212,27/05/2020 07:14 AM,EC1A 1BB,yes,partner,unz8a2wnt1puhvq4a264ce
213,30/05/2020 01:49 AM,nan,yes,father-in-law,r0erynyd11viiopqqdw9x
214,12/05/2020 07:23 PM,DN55 1PT,no,brother,5qg6zzt46ec91cq93m
215,28/04/2020 01:37 PM,SW1V 4DG,yes,partner,5hwmqb3uxxsml5x09drx
216,26/05/2020 04:51 PM,B33 8TH,no,father-in-law,cmrv4dp7lovwf5c
217,17/05/2020 06:49 AM,W1A 0AX,no,brother,b9dlvm65i9qh2kbjqpu490
218,26/04/2020 05:36 PM,SW1 3RN,no,father-in-law,m
219,23/05/2020 02:33 PM,W1A 0AX,yes,brother,flkg6vfyp3
220,08/05/2020 08:23 PM,W1A 0AX,yes,father-in-law,lghc0ipripa7pudf2cxiz7p8h
221,14/05/2020 02:21 PM,SW1 3RN,yes,father-in-law,dzx
222,22/05/2020 04:53 AM,B33 8TH,no,partner,w7yqykde641a7rmcq2bnvtxw62564hm4p89a3
223,09/05/2020 11:56 PM,EC1A 1BB,no,brother,dslsdxzacoueks4p
224,21/05/2020 03:04 PM,SW1V 4DG,no,father,qz7a3vnam0sfr5bzeyl5say31m25dy7epbgak
225,28/05/2020 10:25 PM,CR2 6XH,yes,brother,rqpfykp3kubm31ub
226,12/05/2020 09:01 AM,M1 1AE,yes,partner,loq1p87
227,02/05/2020 11:51 PM,B7 4NG,no,brother,ip8nugoo1544
228,19/05/2020 02:29 PM,SW1 3RN,no,partner,zwq2tvjzkwefgu2ioa0uljyi8qs05zh6ye91rf4ki67kw
229,22/04/2020 07:44 PM,W1A 0AX,no,partner,3mpnczrnsauyqgh4m0cg8pig
230,03/05/2020 08:54 PM,SE1 8XX,no,brother,h6gw3dx2azdtynqr29wggczp2m7he
231,10/05/2020 04:22 PM,DN55 1PT,no,father-in-law,l849pwzn3q665pfz6221
232,06/05/2020 10:08 AM,DN55 1PT,yes,father-in-law,my5qrpqhtbv1qhn55bnxt
233,28/04/2020 02:28 PM,EC1A 1BB,no,father-in-law,55i
234,18/05/2020 11:55 PM,EC1A 1BB,yes,partner,s1ylp4k6d0urh450390tb
235,18/04/2020 03:19 AM,B7 4NG,no,father-in-law,lwi3i
236,14/04/2020 08:58 AM,EC1A 1BB,yes,partner,7e6j0o2e6kg616sd6gyyfn5w8ar2wvgr6213s17437ac
237,18/05/2020 07:57 AM,nan,no,father-in-law,g7bgi077rw0
238,05/05/2020 01:32 PM,B7 4NG,no,father,7s7te5ycq5szbhkkcqu6atrobigtpszmy8ln9v
239,19/04/2020 06:39 PM,X,yes,brother,8sn6h5huzr
240,13/05/2020 08:46 AM,SE1 8XX,yes,father-in-law,gci73
241,01/05/2020 02:45 PM,EC1A 1BB,no,father,2dcwjqwb9io2pcbp7ckj9wqhr167p16aish31f8wya1ai7
242,30/05/2020 05:51 AM,CR2 6XH,no,father,f3rmnb65
243,24/05/2020 12:53 AM,DN55 1PT,yes,father,orfz4glotedt81s17jx750lxvhjo9ds7kqg7n4ubvl74
244,28/05/2020 06:24 PM,nan,no,partner,jhkgeyo5gvu8c8
245,19/05/2020 07:12 AM,B7 4NG,yes,brother,vjdreyxt6iga49na1y6scxoiv0f
246,21/05/2020 11:47 PM,B33 8TH,no,father-in-law,8886ozzddj4xhl2w05b5jev7to01gqugxu7gy5nzn6sksxxt
247,25/04/2020 10:46 AM,SE1 8XX,no,father-in-law,p2eriofw7iwawymbyi
248,07/05/2020 03:45 PM,EC1A 1BB,yes,partner,u3xha5vgwwi8b7zcup1lim0pgph4ar9s7hakyo5
249,26/05/2020 11:33 PM,DN55 1PT,no,father-in-law,hrsj2zxwg8jt02mjes6qoiu1pbytxz8xmjkfttxgz9zqcr3t8
250,16/05/2020 02:32 PM,SW1 3RN,yes,father-in-law,
251,29/05/2020 03:44 PM,SE1 8XX,no,father-in-law,4oxz4uzhy3ait9hmb78alyx172mjzrbehd18br8
252,31/05/2020 01:42 PM,B7 4NG,no,brother,t41un4nv26byba8la4iw3for2mnfm2
253,23/05/2020 05:21 PM,nan,no,brother,qtoynsl4dbgg06
254,01/05/2020 07:40 AM,nan,no,partner,g0bny6bamh00xpcbt30
255,12/05/2020 12:30 PM,CR2 6XH,no,father,2k4fgkoqdgsk6shzlklf9va3fjtucu
256,27/05/2020 02:23 AM,DN55 1PT,no,father-in-law,jqsbvxzdejvaj5y37ctwor8qn
257,09/05/2020 01:37 AM,SW1 3RN,no,father-in-law,p1aw5pm7w8zi
258,27/05/2020 11:37 PM,SE1 8XX,no,father,xoak7fc4kcpt8myb1vpczcbmvc3ebiwok0ttny
259,27/04/2020 10:43 AM,B33 8TH,yes,brother,8aqnuoixv6wllsmypdk4cnh6yksjxmo9
260,29/04/2020 12:42 PM,EC1A 1BB,no,brother,67yct560o
261,24/05/2020 07:02 PM,B33 8TH,yes,brother,uqjrxck87co527nwd62eq0jo3u4rtexez
262,14/05/2020 07:46 PM,nan,no,brother,q31suduejjerxoe01ja8tm0
263,16/05/2020 04:47 PM,SW1 3RN,no,brother,3kfsywfg7xpcg5w7rlzm9e
264,27/05/2020 10:34 AM,EC1A 1BB,yes,partner,aej22823pwakghcxd4m
265,29/05/2020 03:18 AM,SE1 8XX,yes,brother,ftkb0gpo53fmxqpuk75
266,23/05/2020 09:12 AM,DN55 1PT,no,father-in-law,afi3ipgrb0qdzq6w0dbzrb
267,27/05/2020 02:01 PM,X,no,partner,gys66jxwunrqh51xtms5dnj50lpif0kezmkjgpzrvtuuylvo9h
268,04/05/2020 02:53 AM,CR2 6XH,yes,father-in-law,68fopqakqngzjmp9ryvqqy1l2k400e33q40dseb4ojda68t7
269,21/05/2020 06:18 PM,X,no,brother,7t
270,14/05/2020 09:19 PM,SW1V 4DG,yes,father,clv4y2h3f24rbaxi1iqzv8lil8uc2dtur1rglel1jk98
271,14/05/2020 06:06 AM,B7 4NG,yes,father,zv0nilcyu49mwxoza6nw1jsym2lg6xcpym9lvpnqis0duyc
272,20/05/2020 05:37 PM,nan,yes,father-in-law,de9eqneguw
273,31/05/2020 04:19 AM,B7 4NG,no,father,8ogqs7ecorpe983hy1ng6draoj5gt
274,18/05/2020 04:31 AM,SE1 8XX,no,partner,lu7ubkhdqee8xma3iir3ltv4sactivw
275,26/05/2020 02:18 AM,SW1 3RN,yes,father,kl7oiz4tdpwxybjdw0jtefs732htyzev47uaebb
276,25/05/2020 06:14 AM,W1A 0AX,no,father,q0ofsrsyryujn9ntvmhf
277,16/04/2020 11:50 PM,M1 1AE,no,father-in-law,y39ytc8clcxq
278,23/05/2020 09:46 PM,X,yes,brother,o73hgaw8qyg6fa012lq7t6r3rk4co2
279,10/05/2020 01:06 PM,EC1A 1BB,yes,father-in-law,2eqbqa1yty9mvdzk8nupu4uzu
280,29/05/2020 10:09 AM,B7 4NG,yes,brother,b2wamvix8ondoc1j2unlqrb525hj526ubz79neasmcqawgup1y
281,26/05/2020 01:26 PM,DN55 1PT,no,partner,va3g901nc64ko7idyueqlq5t9t
282,26/05/2020 03:18 AM,SW1 3RN,yes,partner,1b
283,14/05/2020 09:13 PM,M1 1AE,no,father-in-law,t4ah3j3ymi
284,14/05/2020 08:15 AM,B7 4NG,no,father,m4qxh0te6b0xhy
285,30/04/2020 04:01 PM,X,no,brother,di5gtf347zhaczomddf328306gq6xrdrnev71f
286,30/05/2020 06:10 AM,M1 1AE,no,father-in-law,geds5zk3rduy0un0qgir3mf2l56e6mrk27kqeyb28w6laxp9a
287,18/05/2020 04:10 PM,SW1 3RN,yes,father-in-law,c4s4ygs52y5j2ygjs
288,15/05/2020 04:54 AM,B33 8TH,no,brother,6qyb9q2rfb9lxg9oxyqee1bjzq4685a
289,19/04/2020 09:42 PM,SW1V 4DG,yes,brother,p
290,30/05/2020 02:19 AM,DN55 1PT,yes,partner,oee1jpvsliq6u8jeb
291,03/05/2020 01:05 PM,nan,no,partner,zshhn0u1wyqim3wligbw02k6a
292,15/05/2020 11:09 PM,CR2 6XH,no,father,7q9
293,02/05/2020 05:35 AM,W1A 0AX,yes,father-in-law,81i3
294,19/05/2020 08:55 PM,SW1V 4DG,no,father,fyrs4zsgn45oy3csvobttdf6th912ow76va8
295,31/05/2020 08:04 AM,B33 8TH,yes,father-in-law,ndazswq1v50mltuaj
296,29/05/2020 01:40 PM,M1 1AE,yes,brother,ufxeo2b03a77cniye7yjjui3q19c57x1ba08utjwzuxx7wzp6
297,29/04/2020 09:35 AM,EC1A 1BB,yes,father-in-law,gact80f60
298,06/05/2020 01:30 PM,EC1A 1BB,yes,father-in-law,4zzt9sn4qkeqs8l2ny5e7038o
299,07/05/2020 04:30 AM,nan,no,partner,gpo4n7u9y6z8iah60b9woe3i5pyam6b2syz0m0drya9twv
300,14/04/2020 02:44 PM,SW1V 4DG,no,father,p
301,12/05/2020 07:12 PM,SW1 3RN,yes,brother,cwd
302,10/04/2020 02:09 PM,B7 4NG,no,father-in-law,izkxkoliaqdcrk8m0prwjlpq1p5fs9
303,04/05/2020 11:25 PM,DN55 1PT,yes,brother,nuy4mq68byir6m3yockc3i3
304,22/05/2020 05:53 AM,B7 4NG,yes,father,9r7ovq1rhufex3ekav3wwkaiqq
305,01/05/2020 12:47 PM,SE1 8XX,no,father,d8gu4swavxb9he
306,03/05/2020 03:36 PM,B33 8TH,no,father-in-law,fx8614k6y2hkqhzg2jx1gvpvs5ifpx
307,18/05/2020 05:35 AM,W1A 0AX,no,brother,q8cqghl79cuooxmt9ps2iyap
308,12/05/2020 08:49 PM,SW1 3RN,yes,father,jhl6tc3hblh5ij0qfrsvs
309,19/05/2020 09:07 PM,M1 1AE,yes,partner,x3eoqk1gwgf1t8d09hiu9cmh7ykbi6ii5gdlic510
310,29/05/2020 07:56 PM,SE1 8XX,yes,partner,ymojqmwh2f
311,24/04/2020 05:59 PM,SW1V 4DG,yes,father,ysmqnspz33vzfffwnsa
312,19/05/2020 11:03 PM,W1A 0AX,yes,father,a4izfg
313,06/05/2020 11:08 PM,nan,yes,father,xjzu1qtli2wxhk1whvnwhaqrhgxgd3923e6x2vgyu
314,24/05/2020 12:00 AM,B33 8TH,no,partner,nkgy6ir11vjq7ns68i
315,01/05/2020 01:00 AM,DN55 1PT,no,father-in-law,n34jn9hmr5yydqa2h2ld19d6qwe9xdlyd8elk6c2qjy
316,28/05/2020 02:12 AM,X,no,father,
317,19/05/2020 07:48 PM,B33 8TH,no,partner,yap6hm0l1mmpuw9ee94c2bee48i
318,28/05/2020 11:42 PM,SW1V 4DG,yes,father,qg3hj82lbu2sto3hl50mk0fegosnsb6vqc21fgr3tponbw64jh
319,20/05/2020 07:36 AM,CR2 6XH,no,brother,fhn88cuxe8ivno39nv464xnt0miln442r0sa5j75llopsuw
320,07/05/2020 09:10 AM,M1 1AE,yes,father-in-law,j7sqfm253tjhx
321,05/05/2020 03:17 AM,SW1V 4DG,no,father,zrsxv97bibrg1wwf4uq7r4do7aers2i00c
322,04/05/2020 02:38 PM,SW1V 4DG,no,partner,nvftig9v58dmo7htu6lbzrgcj55wcdzcb
323,07/05/2020 08:54 AM,SE1 8XX,no,father,pooyfkbslfd2n15h8n6cdu
324,11/05/2020 03:10 AM,X,yes,brother,0wabmc1g
325,21/05/2020 09:41 AM,DN55 1PT,no,brother,afyw9n5ndnd
326,25/05/2020 06:28 PM,X,no,father,gpipjystd936yr4haid2imb3rs1gpx1dqr
327,25/04/2020 10:50 AM,SW1V 4DG,yes,father,e58bgi9zxpeomp50fk2rk
328,25/04/2020 10:46 PM,CR2 6XH,no,father-in-law,ej4sbe8n9n5tcsodv56yqwpgmjky3v792j00bgkolpjhwbf0
329,13/05/2020 06:55 AM,SW1 3RN,yes,partner,cuybt4zpmg16y1psbzggcn9cq2yr5ry148jrpljk2
330,20/05/2020 06:22 AM,X,yes,father,tg94qb5511senh1y5mna2r4y185bcuucncr15az3uk
331,26/05/2020 12:52 AM,W1A 0AX,no,father,bdqfqxv19yuxs4a1ygl5x2wx1dbrkdvp97o3jw4rmwjsyzuv9h
332,26/04/2020 12:34 PM,SW1 3RN,yes,brother,h6gako3z
333,22/05/2020 07:18 PM,M1 1AE,no,father,j9fqmz1fvu6
334,16/04/2020 11:53 PM,X,no,brother,5d1u3056fujmv50a830s2o6n01zgvfxbszumk
335,24/05/2020 10:39 PM,M1 1AE,yes,brother,yobot4zmpc48b
336,28/04/2020 03:47 AM,X,yes,brother,vcrr6x3804t2bmcblflj0bd3p1wzh08
337,08/05/2020 11:38 AM,DN55 1PT,no,father-in-law,e7qcvn6wdm7ptikkg0zenxr7har8c1gkwb1j10mt
338,23/05/2020 05:26 AM,DN55 1PT,no,partner,7dk1u7uoeirasu4
339,14/05/2020 01:38 PM,W1A 0AX,yes,father-in-law,k9duop4xijttamauiomptm9ur
340,21/05/2020 05:23 AM,SW1 3RN,yes,father-in-law,sbd21pa63wluumi5v81cvx
341,27/05/2020 04:48 AM,X,no,partner,8jvtbi716zkrfpoy0q71ksq0nv0gpkk3qznk26
342,23/04/2020 01:12 AM,B7 4NG,yes,brother,eoflec9yzty93a1
343,23/04/2020 02:34 PM,EC1A 1BB,no,partner,z9bf1q8qkehb3z0e6mfvtf69k01656zbavalsjeu1hfu
344,13/05/2020 12:18 PM,EC1A 1BB,yes,father-in-law,yk9d4
345,24/05/2020 06:52 PM,X,yes,partner,eh62rbc0nl5f8y3reyvy1f936q4zk39if9oftt3kn
346,12/04/2020 05:53 AM,CR2 6XH,yes,brother,rmsda4rdx3s1eshq6ez974iskte
347,13/05/2020 11:07 PM,DN55 1PT,yes,father,33j3ahhx6vwsrz6i1
348,01/05/2020 08:03 AM,W1A 0AX,yes,father,fg89h3gww
349,18/05/2020 05:54 AM,SW1V 4DG,yes,brother,yqfzzfvwv5574gnpin8blnk05jslftlwczeoxmh1sttrumf
350,27/05/2020 03:19 AM,EC1A 1BB,yes,brother,1cbdeehn9k8k4kvh1ipq5nrpcurqh44e2jebqoewrenclmthp
351,22/05/2020 08:35 AM,B33 8TH,yes,partner,ghj0fvhzqgo24uct
352,29/04/2020 02:43 AM,M1 1AE,yes,father-in-law,xi0y3rj
353,05/05/2020 06:25 PM,M1 1AE,no,father-in-law,ifj5e526d4zp3n2
354,24/05/2020 05:19 PM,W1A 0AX,no,father,lcmqj6
355,16/05/2020 02:32 PM,SE1 8XX,yes,father,gwlgsy47v3r3hdhtf140xjbe7xl3zszahn
356,24/04/2020 11:07 PM,SW1V 4DG,yes,father-in-law,9jrv8
357,28/05/2020 08:55 PM,B33 8TH,no,father,lvk3p2pv6l0n5274oi0br9l6zkettkzbbrdvv28gcpnmgbh0
358,21/05/2020 03:27 AM,DN55 1PT,yes,father-in-law,0ogftjmodbarrr6ysdkutwm0m1a5hzsw4nv0zl6
359,27/05/2020 12:43 AM,X,yes,father,uhg8f
360,23/05/2020 05:35 PM,X,yes,brother,ppkszxzlu0zllc
361,20/05/2020 10:26 AM,nan,no,brother,gw79vg0640qhzrf0
362,10/05/2020 07:51 AM,SE1 8XX,no,father-in-law,2vg5m4li845m3v630v7d7k5yeupxrb8rw2ycjgqva3zcwwwq1
363,30/05/2020 09:26 PM,CR2 6XH,yes,father-in-law,2qpqca94ou5bnb8ufwy873wny9x
364,28/05/2020 02:22 PM,EC1A 1BB,no,brother,2d6l5l3sw07mcvwmjzt075t7932lhri8nyec36o2gbe
365,05/05/2020 09:00 PM,SW1 3RN,yes,brother,ri32x4ubixqid86yxlj8g
366,14/04/2020 11:31 PM,CR2 6XH,yes,father-in-law,1uh71g5m2rqc7by
367,04/05/2020 12:02 PM,B7 4NG,no,partner,bwvvjawg22njbxuujmiu0ttusv1my7wwpj1hd2
368,04/05/2020 04:45 AM,nan,no,brother,y6
369,23/05/2020 01:39 AM,SE1 8XX,yes,father,rwh3e08fofua1w13riyj1
370,29/05/2020 03:09 AM,SE1 8XX,yes,father,bqh521yscducuvyl1gocqs
371,13/05/2020 03:40 AM,SE1 8XX,no,father,qt1geemx46d9obpd
372,20/05/2020 03:34 PM,B33 8TH,no,partner,jvf7i89bmqy2m48u383
373,21/05/2020 08:00 PM,SW1 3RN,no,partner,cwiqfpqg1yjxsx8j4d0p2ouhdcedsazpknw33zx64gs0
374,29/05/2020 07:35 PM,CR2 6XH,no,brother,zsjab
375,26/05/2020 05:13 AM,W1A 0AX,no,father,21lig55bvvfsazzce6raw1ndgxfij6ptx09ny5jl
376,04/05/2020 06:44 PM,B33 8TH,no,brother,vrwl5i0odhgen19xw915fy
377,20/05/2020 10:38 PM,W1A 0AX,yes,brother,7wfnl5widg1evt22beufmzxt1hjbzqowagr57qerc3074e9x
378,28/05/2020 09:14 AM,SE1 8XX,yes,father-in-law,dh7sinpyq2zpqwh1697lhderg
379,19/05/2020 02:05 PM,B7 4NG,no,father-in-law,so0h0xudw8s3z1m1s
380,11/05/2020 02:13 AM,nan,no,father-in-law,yw5uugn9wel9z797zmj9g7b64z9l8julptq0n0fo
381,19/05/2020 04:19 AM,SW1V 4DG,no,father,hfrt
382,20/05/2020 07:16 PM,B33 8TH,no,partner,g0o9k1ysnfz310svbzwrrbscupkjbhvxe5s2
383,29/05/2020 03:05 AM,B33 8TH,yes,brother,m3yytxyo8fh5ffeoml8ls6o3jiu9owioeezkeml4847seo08c
384,17/05/2020 04:49 PM,SE1 8XX,no,father,6h5g0mfymbc103u3t
385,08/05/2020 06:44 AM,W1A 0AX,no,father,pvfg52cmqhaaixpb1c5a2o2ur1a0kkwux
386,22/05/2020 04:51 PM,B7 4NG,yes,father-in-law,lbvkausua88eecuid10oezk2xi305dad99nlai84wpqem
387,08/05/2020 06:35 AM,CR2 6XH,yes,brother,wizeqom2zf7igncuw957swqlifd94lej7k2fcxyrh
388,18/05/2020 06:34 AM,B33 8TH,yes,father,5ijfnwhwxx7mnp3k5bftc
389,24/05/2020 06:33 PM,DN55 1PT,yes,father,1yoxg6jdd0grfdgqdw01
390,30/05/2020 09:10 AM,M1 1AE,no,partner,g9rveik96n3hcnau7rnn2dtdm8ilqjgix52bi31nwtd
391,15/05/2020 09:24 AM,SE1 8XX,no,partner,nuxtfz580m51kvsc878zpxlr66py39muza8ih63cyv8
392,22/04/2020 08:41 AM,W1A 0AX,yes,father-in-law,74n04h9f72a0216zzcid
393,16/05/2020 02:56 AM,M1 1AE,no,brother,axhdanrxgps9nf8giciv3wh6z874vpq36c2pbh9sp9p55h
394,30/04/2020 11:14 AM,CR2 6XH,no,brother,hty1
395,24/05/2020 01:01 AM,SW1 3RN,yes,father-in-law,fwt738gxv8bynwhxk2q6tprmv5
396,20/04/2020 03:29 PM,M1 1AE,yes,father,2xhtr579uaq7dzu6sikrznlzxmwgs7
397,29/05/2020 12:12 AM,X,yes,brother,u7xcds754e0g
398,29/05/2020 03:12 PM,DN55 1PT,no,brother,beq347sbck7nwr24ck4dkubqh0efo7nhdbgodf9pj8qz2jzfwp
399,17/05/2020 08:37 PM,nan,no,brother,oq4he35vg
400,03/05/2020 12:14 PM,SW1 3RN,yes,brother,nzu50a23cel12dwv0ajd7sxmf3ugjkd3egijz
401,10/04/2020 07:40 AM,SW1 3RN,no,brother,uyhcrcovcylvmq05jzdklpdunzyx
402,21/05/2020 04:19 PM,B33 8TH,yes,father,i95p389znv9y
403,01/05/2020 06:00 AM,W1A 0AX,no,father,mg0511
404,26/05/2020 02:21 PM,SW1 3RN,yes,brother,o6h7io02rf23fqblfcv6taike2t6hrlffuva4pv8sy8
405,15/05/2020 08:13 AM,B7 4NG,yes,brother,5hgxmp7qsx22x8h2wyomi90mkatn6aqgyxa3cf
406,23/05/2020 08:20 AM,B7 4NG,no,partner,at0w9al18metyj1dre81mit972cxgzz7ph
407,16/05/2020 03:52 AM,SE1 8XX,no,partner,v8ycv92acayfpcy1o3j5lzhg4zoecuc4lxlxip3vw
408,20/05/2020 12:42 AM,B33 8TH,no,father-in-law,vsum6i716lh4wap53fovf8aa035ff7
409,02/05/2020 05:20 PM,W1A 0AX,no,partner,zbtf
410,11/05/2020 12:30 AM,EC1A 1BB,no,brother,r0hiobuozqfrwtbl62tnz392mp77t
411,09/05/2020 01:15 PM,B7 4NG,yes,partner,l6ir9kh90veo1vdgp76s6hk9671vejkjvrasezbub
412,08/05/2020 12:35 PM,SW1V 4DG,no,brother,sy5kncadt20gqkjeprbs3iz7imohv8ia5foe9q1fwv3c6df
413,12/05/2020 09:00 PM,B7 4NG,no,father-in-law,95xiil1pj3oecp3npkhf6uz4td5cqrlwdfaivs7ryzxks
414,27/04/2020 11:59 AM,B7 4NG,no,father-in-law,u5b90js
415,12/05/2020 10:03 AM,B33 8TH,no,brother,cu0oy5g2ip9rlguhu3humg2sr3jmo05k1
416,14/05/2020 02:53 PM,B7 4NG,no,father-in-law,f0sz205t2shoop
417,31/05/2020 07:44 PM,B7 4NG,yes,father,726juh73f3qxwrvnsx6awng6
418,12/05/2020 01:28 AM,CR2 6XH,yes,partner,l8i0dqt
419,11/04/2020 08:01 AM,SW1V 4DG,no,father-in-law,1
420,08/05/2020 05:04 PM,EC1A 1BB,yes,father,6ou1tcc6xgi47azekc9i
421,28/04/2020 02:59 AM,M1 1AE,yes,father-in-law,2umvawlrk4sc1w3n
422,21/05/2020 12:56 PM,CR2 6XH,no,father-in-law,xav6t57dq24ut6
423,30/05/2020 01:21 AM,B33 8TH,yes,father,abe702mztrhy1gncctm7
424,27/05/2020 03:44 AM,CR2 6XH,no,partner,dbsooecb43t2byds
425,09/05/2020 02:51 PM,nan,yes,partner,2qugeslt1x02imgp3r8jsra0s
426,08/05/2020 06:16 AM,SE1 8XX,no,brother,puplhy0bk71q4yxssx1bmv0f
427,15/05/2020 08:06 PM,M1 1AE,no,partner,j3qqrazq
428,27/05/2020 08:34 PM,DN55 1PT,yes,father,8k3nz4vj7cia
429,25/05/2020 08:57 AM,EC1A 1BB,no,father,872kpz2prynu3u670xtjrkc588efxy
430,13/05/2020 12:44 PM,B7 4NG,no,partner,p13sc4fc3krob1mit21xgihv5v7w0cnwudsdav8x5b
431,16/05/2020 04:43 PM,M1 1AE,yes,partner,1prg39bnu9jcz9dpku3zrrtvw1tk6oi05i1
432,14/05/2020 09:06 PM,nan,no,father-in-law,s
433,22/05/2020 01:44 AM,nan,yes,father-in-law,nofh4t1frh4txj9i15dvt3eapa3f6vtkc
434,15/05/2020 01:47 PM,SE1 8XX,yes,brother,ql4smnuke3pi7iuwul9zs13r19yji3huims17dziko3zs8v
435,26/04/2020 09:34 PM,SW1 3RN,yes,father-in-law,5fttwpnzg3gvyimiqocymk16uqzo77uzhpgpm8b1
436,03/05/2020 11:00 PM,X,no,father,ca6erp8fvly7hlqmw
437,26/04/2020 12:50 PM,SW1 3RN,yes,father-in-law,p9ys55p1lzyjrwv8mpzcsktlxm1w9xbk4h3okfuy0m78h
438,03/05/2020 03:34 AM,SW1 3RN,yes,father-in-law,qca98j37dx6f7qd2xeu9vn5j0v5kxfuezrzu
439,07/05/2020 03:21 PM,SE1 8XX,no,brother,k9bn0235fdggn3k4ar
440,29/05/2020 03:03 AM,M1 1AE,yes,brother,myegu1mjnv3s6zp6aev9flfbeh88544yladvjlfk
441,05/05/2020 02:56 AM,CR2 6XH,yes,partner,8btes1qxik5tei5l7u10yvblcw4hvu156a9
442,22/04/2020 04:07 PM,nan,yes,father-in-law,urtl1llqc2h6ypejan8tgdbziqj2n3l
443,18/04/2020 11:17 AM,CR2 6XH,yes,father-in-law,j0roh8nwy6vc9gwkmcpqq5yj8
444,15/05/2020 08:45 PM,B7 4NG,no,brother,gsksqam20ipueoa8a74pwhqhff
445,19/05/2020 10:18 PM,X,no,father-in-law,8n2iuw50n8k44721mr5f6xi5u3v29ihehsniwfi
446,13/05/2020 12:47 AM,B7 4NG,yes,partner,as6jw
447,29/04/2020 12:19 AM,W1A 0AX,yes,father-in-law,59vhzavxylngc0iyfqm8dyppf0dv3kgpy
448,29/04/2020 04:26 AM,SW1V 4DG,no,partner,lwogb1r22zbol8fgq0vn2x5hn0bvtb8yhguyrdrzvhyixngm2
449,17/05/2020 07:24 AM,X,yes,partner,ff2yd1nafj5iolhq7ho7b
450,15/05/2020 08:17 PM,nan,no,brother,yrz53487oqqh22xaz0
451,19/04/2020 06:21 AM,M1 1AE,yes,father-in-law,1cpk0yi1yfgv1y0gdahanruiwvhtkur58tbs9y9rt0735e
452,23/05/2020 06:37 PM,SW1V 4DG,yes,father,p44fnewud336x1cppv8tvhb8n
453,23/04/2020 02:50 PM,B7 4NG,yes,brother,6e8hhz8s5s3cd4wmsxz00v72rw
454,07/05/2020 02:39 AM,SE1 8XX,yes,father,cbcf5clfy4tln5ohhba
455,21/05/2020 03:38 AM,SE1 8XX,yes,partner,ixb2an6s4taezvupm9rpkhi0ey4a0rl8
456,22/05/2020 01:31 PM,DN55 1PT,yes,partner,8z56f
457,05/05/2020 11:36 AM,W1A 0AX,yes,father-in-law,8fr3jqynbyst
458,05/05/2020 04:15 AM,SW1V 4DG,no,brother,g60knyc1zhbsg000xmd9n6vuceslb8qde1vb417e
459,11/04/2020 09:58 AM,EC1A 1BB,no,partner,83ossi0j6s6ezceasb
460,28/04/2020 09:20 AM,B7 4NG,yes,father,5gtrajpxo9tmsc669e2og
461,22/04/2020 11:09 AM,nan,yes,partner,e79ieselk6wioxfy8zrnpqojap2klu3f98xhhb3
462,13/05/2020 11:42 PM,CR2 6XH,no,father-in-law,v24au6ke93nd44xh92xysps1up0c7xdmfppwo
463,08/05/2020 11:00 AM,SW1V 4DG,yes,father,ow1py7b7r
464,19/05/2020 05:13 AM,CR2 6XH,yes,brother,7gbl6np416xh3wogoes9fxhpweny74b7v8s
465,26/05/2020 06:47 PM,SE1 8XX,yes,father-in-law,dra3q9ruj9lb57kr1vb6u1fjgnumtg
466,21/04/2020 10:35 PM,CR2 6XH,yes,father,z1egp3zp5kwxgbc2bnrwzvxmqwqqfk9yuvachkf
467,30/05/2020 08:38 AM,W1A 0AX,no,brother,3w9mcqlzxhll0oaohaul06vj812j0wf6n3uq3v8lotnah986ux
468,22/05/2020 02:27 AM,DN55 1PT,no,father-in-law,au4vnlic3nbfjs1b
469,27/05/2020 04:42 AM,SW1V 4DG,no,brother,6wk1
470,16/05/2020 09:36 PM,SW1V 4DG,yes,father,mzatpd41bct384
471,03/05/2020 08:01 PM,CR2 6XH,yes,father,kkfz34lruxsvnpc075cec6billg0ei8m3rwyanpf
472,19/05/2020 04:23 PM,M1 1AE,yes,father-in-law,88su
473,12/05/2020 09:45 AM,M1 1AE,yes,father,uy6edlg058a
474,24/05/2020 10:49 AM,CR2 6XH,yes,brother,fj0m0moanpyzem4
475,24/05/2020 01:37 PM,DN55 1PT,yes,father-in-law,bduwyrpcxsum5es6nyx8gh0g5v0azoz6mptpc0t11onruepkn4
476,30/05/2020 10:49 AM,DN55 1PT,yes,father,xyah9nt18sg0ottb90di872mpk9a85qo6gu7szwuo7c1nilzc2
477,18/04/2020 06:23 PM,nan,yes,partner,e0pcrvyatbd0uxbw0wtng7em2d9
478,30/05/2020 12:44 PM,B7 4NG,yes,father,jzdlgzioyhm8jc9g2ovj1r2vs9xq6i11qwry2f77
479,26/05/2020 09:30 AM,M1 1AE,no,partner,cnayxy
480,16/05/2020 06:36 AM,M1 1AE,no,father-in-law,833i5w1zeth0hid
481,24/05/2020 12:43 AM,CR2 6XH,yes,partner,fp01fv0ud8ry8siwr6css
482,13/05/2020 02:36 PM,CR2 6XH,no,father-in-law,k
483,23/05/2020 02:46 PM,CR2 6XH,yes,partner,u59
484,11/05/2020 06:51 AM,SW1V 4DG,no,father,s6ymnkt
485,31/05/2020 10:16 AM,B7 4NG,no,brother,nihwc6b28n7trtuto9ezo
486,05/05/2020 11:08 PM,M1 1AE,yes,father,hq
487,06/05/2020 07:01 AM,nan,no,brother,fmtbph9yqhhmm62l0xu8veguhjxjofgugw3x340cyhhnz
488,28/05/2020 06:17 AM,W1A 0AX,yes,partner,d4
489,09/05/2020 10:25 PM,B33 8TH,yes,father,z6tzrvttbm0cbxyzx05
490,10/05/2020 12:09 PM,B33 8TH,no,partner,2
491,17/05/2020 06:04 PM,CR2 6XH,yes,partner,ne
492,15/05/2020 09:45 AM,EC1A 1BB,yes,father-in-law,vq
493,27/04/2020 02:29 AM,EC1A 1BB,no,partner,h2ueh5wb59eyatzgy7tfh01a1x
494,19/05/2020 10:43 AM,CR2 6XH,yes,brother,nx20e
495,14/05/2020 11:29 PM,DN55 1PT,yes,brother,ta1nvxil9f0tbjv2hbz9c0wp4wdk71iued
496,06/05/2020 10:35 AM,X,yes,father,q9odo7yxxff9nlsu45m3ufumpfdg5ii9zt3x7ro0of9ozytow
497,06/05/2020 08:06 PM,CR2 6XH,yes,partner,oxx4as0un
498,03/05/2020 08:51 AM,SW1V 4DG,yes,partner,gh4c8orphfnyz3a5dkmhum7cmfnp1i7itg8ejy
499,23/05/2020 05:00 PM,CR2 6XH,yes,father-in-law,3wn4j6a1beumu19y4y
500,27/05/2020 06:01 AM,B7 4NG,yes,father,5s1kq0hz9ah17u1v6mi2a5foqw2bip6hghts3kyp
501,07/05/2020 08:22 AM,EC1A 1BB,no,partner,ii6sg3p92dp8dbhl21820lwvlnz34vfy8j8bah3s
502,24/05/2020 03:32 AM,B33 8TH,yes,partner,3fb6zgeirwyjjg1bllrzbhgofo
503,31/05/2020 05:19 AM,B33 8TH,no,father,e04xo0qbvv89x5n33x0e1qj4q3d
504,22/04/2020 02:53 AM,SW1 3RN,no,father-in-law,hvkrvh
505,17/04/2020 03:18 PM,B33 8TH,no,father-in-law,9pjxppi323y5xycf11zlbsb3anp9ylp
506,31/05/2020 10:02 PM,SW1 3RN,no,father-in-law,1xb9x454zf2v9bs8tuhe5r5kzwmg1
507,25/05/2020 06:25 AM,EC1A 1BB,no,father,ku6no6tdj73yh3vqex
508,14/05/2020 11:14 AM,SW1 3RN,yes,partner,dp4srqiqj
509,16/04/2020 10:49 PM,EC1A 1BB,yes,partner,inpwgmpywq3jjunbq9rvumr9nt3hn4ddf72kjgv0e98o0i
510,25/05/2020 10:10 AM,X,no,father-in-law,zak5kjdm4tqcqxx7dzzqcdm15m0jm1a
511,13/05/2020 02:14 AM,W1A 0AX,yes,father,iu5e4ma624tdze4ygwyjds
512,12/05/2020 05:22 PM,EC1A 1BB,yes,partner,rk3difjon7ikqztsghzlzn5
513,28/05/2020 02:44 AM,nan,yes,partner,0cml6tlgorz1pq6zr8iaud29wm
514,27/05/2020 10:12 AM,M1 1AE,yes,partner,jciug9dnlpkjutcyronucq
515,04/05/2020 08:36 AM,M1 1AE,yes,partner,9woffu
516,21/05/2020 06:37 AM,X,yes,father-in-law,ni9031ypynsf8n8wyu6v28e1uj0
517,26/05/2020 07:56 PM,CR2 6XH,yes,father-in-law,9k6f537vdrjeb1tee4vunqs392n1wgz9
518,24/04/2020 07:46 AM,EC1A 1BB,yes,father,m1y3m8h5zceil9pxz595xpiymqeev21o9hfk1oex7oerbr
519,02/05/2020 11:31 PM,M1 1AE,no,father,h7jbz5b2tm7ns8k79pui9o
520,25/05/2020 03:50 AM,SW1V 4DG,no,father,v9yevhiy1mfrv2veks41izs13pzlx3c9
521,03/05/2020 01:26 PM,nan,yes,partner,8tr5rzcdmtpxrxdqo9i6e4tn37peys5zy9302
522,22/05/2020 09:22 AM,M1 1AE,yes,partner,w3nfir2xxco0g65o9jz19
523,03/05/2020 04:20 PM,B7 4NG,no,father-in-law,1r2tkh6rpuvvm60qh3r34wqxkup8eujvwe
524,16/04/2020 02:14 PM,EC1A 1BB,no,brother,sb76y1fpjixh8gyas6cxchgwuuo6ph0lybz74qk
525,27/04/2020 07:15 PM,X,yes,father-in-law,jic4xhqt45xbwgf
526,09/05/2020 09:25 PM,nan,no,brother,la81y9u10wfgee3m
527,31/05/2020 01:00 AM,SW1V 4DG,yes,father,
528,05/05/2020 11:52 PM,EC1A 1BB,no,father,he4g4gszwzcbb9k3ct0lt557c
529,17/05/2020 11:34 AM,SW1V 4DG,yes,brother,emru9u0bu789gid74npghrn1qe53d
530,28/05/2020 08:11 PM,W1A 0AX,no,brother,83pvd204qxg45epqlz128n
531,18/05/2020 03:26 PM,CR2 6XH,no,father,dgi4zf2tz9sn6annk1yw3uyb1bnchqw7uyqrrhe16xk2y0s41
532,15/05/2020 05:03 PM,B33 8TH,no,father,x7tmbpct
533,15/04/2020 04:44 PM,CR2 6XH,no,father,eyd96akfwe50qud2tgshrjlqcmy
534,09/05/2020 05:50 AM,EC1A 1BB,yes,father,r9018qypzgjf
535,26/05/2020 09:36 PM,nan,no,brother,qbh2ll7oroqiuwlf
536,15/05/2020 12:36 PM,CR2 6XH,no,brother,syden18notaj2rbl8oq64x2
537,09/05/2020 09:09 AM,SW1V 4DG,yes,father,mnf
538,27/05/2020 11:32 PM,SW1 3RN,no,father,91bh2g
539,27/05/2020 12:10 AM,nan,no,father-in-law,rl1f6eqpn
540,30/05/2020 10:43 PM,SE1 8XX,no,brother,0trkin29efk7qrbe4ocqlpcmef7rukbz3e1d
541,13/04/2020 09:22 PM,SE1 8XX,yes,father-in-law,928ccs0f32eeiqq3hm013jcaw1axlueyi701krli3eafx
542,14/05/2020 10:53 PM,SE1 8XX,no,father,pgwalp2vhugkust79y
543,18/05/2020 09:01 PM,B33 8TH,yes,father-in-law,blk2qvmm24i4v
544,17/05/2020 12:59 AM,DN55 1PT,yes,father,xpy3gm79tmw226kidv987sfejikpozg
545,29/05/2020 08:30 AM,DN55 1PT,no,brother,qwn4p08ybx7zz1a5vjoakmwuj2kx9r9d0d381
546,17/05/2020 02:05 AM,SE1 8XX,yes,brother,5bcwzcbt3oa1rdij9bdu1unvcg
547,18/04/2020 11:43 PM,B7 4NG,yes,father,ogl8euz1jlx05d7i0u5h3nnrw8
548,21/04/2020 05:35 PM,SW1 3RN,yes,brother,svwwrfo3os
549,20/05/2020 09:17 PM,X,no,brother,ve2ogvn6u6tkb169bpnqntjxhwk
550,07/05/2020 07:06 AM,DN55 1PT,yes,father,q35tjtrresptwkil4p4ukpzkef5gjcw
551,15/05/2020 07:38 PM,SW1V 4DG,no,partner,ff783owelo2tx8
552,27/05/2020 05:48 AM,CR2 6XH,no,brother,c3f432xylqyhhwn1rvv5cs90qct9rhh5qm
553,27/05/2020 08:15 PM,SW1V 4DG,yes,brother,7s0i5m8r34et272hi51rk0rte
554,24/05/2020 05:02 AM,W1A 0AX,yes,partner,4nh4i0h8fsxjy5t7yg7w3
555,24/05/2020 09:25 PM,EC1A 1BB,yes,partner,5okh7711j8
556,10/05/2020 09:38 PM,W1A 0AX,no,partner,k1ujnbvk1bb9sgi3ze8u16
557,13/04/2020 03:33 AM,M1 1AE,no,father-in-law,eag8yg7nlho16gcim6rbopa5x49ga3talxtey
558,24/05/2020 01:00 PM,SE1 8XX,no,brother,e1gsetb1vkv87dovs7kh6
559,20/04/2020 02:56 PM,DN55 1PT,yes,brother,06ic40e4n41etxjdlapdhscp41xzid4sicbtiznm2h094
560,07/05/2020 09:31 PM,B33 8TH,no,father,qjzcm6jvne2qzvr7w
561,09/05/2020 10:08 PM,DN55 1PT,yes,father,87fcrwttmphi2nezn09d
562,16/05/2020 09:53 PM,SW1V 4DG,no,partner,tje2l1lralr16
563,28/05/2020 04:46 PM,B7 4NG,yes,partner,i43irrpob4vq2uei8rqgq8
564,10/05/2020 06:09 AM,B33 8TH,yes,father,4gd9j4xtllnvg7php295octchcce20q9j5f3i1gz863r3
565,20/04/2020 10:15 PM,B33 8TH,no,father-in-law,o84exro51h1
566,09/05/2020 05:19 AM,SE1 8XX,no,partner,7xd5hbtbm4ib8stomy8y9cvslm3xp9cbqamzuxmsneuegt3na
567,04/05/2020 05:04 PM,X,yes,father,9102j7hl6z81by4hxzh1ppo2dm6cyvt7
568,25/05/2020 08:56 PM,SW1 3RN,yes,partner,e5xlv9
569,01/05/2020 08:16 AM,B7 4NG,no,brother,5wp
570,11/05/2020 04:45 AM,SE1 8XX,no,father-in-law,nrpfinop56me1wtsd36q460cejqokv68ofeu68hedzf6
571,05/05/2020 04:42 PM,SW1V 4DG,yes,partner,7p12roj7o0l3em884tjl
572,30/05/2020 12:42 PM,DN55 1PT,no,brother,395pfxwn9ocsjv41bgnzts21
573,04/05/2020 03:28 AM,SE1 8XX,yes,brother,zoq6vsvs8dc8
574,02/05/2020 09:27 AM,SE1 8XX,yes,partner,e9h9uyw27d
575,23/05/2020 06:35 PM,EC1A 1BB,yes,partner,aii2r6zhxnzj6my2i953ujzghlt2bvi
576,27/04/2020 12:17 PM,W1A 0AX,yes,father-in-law,gfo9r58c0cwpd3k8httuyyjupc3
577,25/05/2020 11:57 AM,CR2 6XH,no,partner,tehf4cu62r3xxb01bpo010qljpd4deblz64ek1r
578,07/05/2020 05:53 AM,SW1V 4DG,yes,father,qx31pjlc156p1eo50ewbzr4wm6dq3qq4alufqv
579,29/05/2020 08:13 PM,SW1 3RN,no,brother,6btc944z6hjvatcddqs
580,06/05/2020 11:53 AM,B33 8TH,yes,partner,1udg4txkvjst
581,29/05/2020 06:39 AM,SW1 3RN,no,father-in-law,j2yr2sv3612x5vjghqb4aab1lhigjx
582,31/05/2020 09:50 PM,CR2 6XH,no,father-in-law,wfdzlbp99d4b2xespi8pgs180
583,28/04/2020 08:26 PM,nan,yes,brother,0t3c5gggzet7eddzz
584,10/05/2020 09:26 AM,B7 4NG,no,brother,pbi2tv6bijyy5yjj4md4cbxa6pk
585,23/04/2020 02:13 AM,M1 1AE,yes,father-in-law,qhn5bz
586,13/05/2020 02:51 AM,W1A 0AX,no,father-in-law,ai0wa0xoutaj4o6i3ivvxsucm2ytu567vouhdtrf98xgh
587,22/05/2020 12:47 PM,M1 1AE,yes,father-in-law,r
588,07/05/2020 05:19 AM,DN55 1PT,no,brother,6yupcxl2dzxe8mn7r
589,23/05/2020 03:15 AM,SE1 8XX,yes,father-in-law,yudzuz
590,20/05/2020 01:49 AM,SE1 8XX,no,brother,mtcp55v5vxuucikf7w4xy6cs23a9lrgc6dpam5nxl65j8rh1r
591,05/05/2020 01:34 AM,SW1 3RN,yes,father-in-law,fzcunwuhw6wfpqojdjplmwfrr2i7kdhxpv89js01r8w4yeij
592,29/05/2020 11:56 PM,W1A 0AX,yes,partner,gmhww
593,17/05/2020 04:35 AM,X,yes,father-in-law,pvhqfcxg4gp3xe98pnjxnkl02ey2q9wntk8ba605aux03lihw
594,01/05/2020 08:32 AM,CR2 6XH,no,father-in-law,
595,29/05/2020 12:11 PM,CR2 6XH,no,partner,4q8gx5sr6s8ue3f
596,30/05/2020 01:11 AM,W1A 0AX,yes,father-in-law,fxsim
597,03/05/2020 02:46 PM,M1 1AE,no,father,az8cudz02gfl085qxe
598,18/05/2020 12:55 PM,SW1 3RN,no,father-in-law,tmuuslv1dtb8gmdvcdcivnrphj1s5rtyog5x39d7i7
599,18/05/2020 06:43 PM,nan,yes,partner,vh5qej9d1f2lo6jjq6bp08tvmlqn6jhlm5g929s74xn7yz
600,19/05/2020 05:37 PM,EC1A 1BB,no,father-in-law,zvc1
601,31/05/2020 12:12 AM,M1 1AE,yes,father,6ru820puhpkaifnb4ug9n4uejky4wkc4bj5ceqx
602,31/05/2020 02:01 PM,SE1 8XX,yes,father-in-law,zp4coldeam
603,25/05/2020 04:14 PM,B33 8TH,no,father-in-law,2jedy9d1lylb30uf8i01xm82vuzatixvg6h4kefzsw216qvk
604,21/04/2020 03:30 PM,W1A 0AX,yes,partner,vmf9lfi55kbhtp8ogmfwkaud2v2w80sr9fg898h5
605,05/05/2020 11:10 AM,X,yes,partner,kxoep7152
606,14/05/2020 05:26 PM,SW1V 4DG,no,father-in-law,7uvng7tew68a62kaj92380o
607,31/05/2020 04:41 AM,SW1 3RN,yes,brother,1uu1qs9w5lpym0mxbegvfoguxgaxjqo6w2k4p
608,13/05/2020 01:35 AM,DN55 1PT,yes,partner,lm0wnbvo932bfc1au3ua
609,05/05/2020 06:11 AM,DN55 1PT,no,partner,920e6y0wh8pnrq8bci986a7jj1rlu2
610,21/05/2020 08:30 PM,B33 8TH,no,father-in-law,vonri6v7inwemz3a5po3yigascrv
611,30/05/2020 11:41 PM,DN55 1PT,yes,brother,jdmjjnv3mr0h4cy5em2srmq3v
612,22/05/2020 03:37 AM,W1A 0AX,no,father,ynecby2k6le
613,20/04/2020 11:12 PM,nan,yes,brother,o4jmb1rj9kyq8orx8grn1gm2s9b44azu8morp1moprcimv
614,30/04/2020 11:34 PM,CR2 6XH,no,partner,ecis70dnq
615,14/05/2020 10:12 PM,W1A 0AX,no,father,6lg3ntklsy3s4ko0uekcx82timpv8gp2023j90kib
616,04/05/2020 12:24 PM,W1A 0AX,no,partner,1b4v14nysrbv3w
617,25/04/2020 04:56 PM,nan,yes,partner,whozamuva460j9ns
618,14/05/2020 01:03 AM,CR2 6XH,no,partner,tlaapz3s6u4w
619,29/05/2020 07:59 PM,SW1V 4DG,yes,father,5bql6dn3g6ocnrf50bmycwetq1s8k84swk6c628u
620,23/05/2020 02:16 AM,W1A 0AX,yes,father-in-law,hzms55j1d76ayxh
621,18/05/2020 01:38 PM,EC1A 1BB,yes,father-in-law,zzpvl8y
622,24/05/2020 05:30 PM,SE1 8XX,no,partner,odnkk5e4ltvjdx3jifjh
623,13/05/2020 12:55 PM,nan,no,partner,qhnxd8hm5ixmbx6rb2jgs7rlo4qe2ewh
624,23/04/2020 07:57 AM,B7 4NG,no,father,raattwxx464a3i9lkvsopgnwf5l3
625,12/05/2020 06:54 AM,X,yes,father,biyoke4gji1znikjfuifi0mio37e2vqi
626,28/05/2020 05:21 PM,nan,yes,partner,2a3nzfd53z2xec3mcjopzoneggr4
627,26/05/2020 11:31 PM,nan,no,brother,dzqlgmx7lpu8pc1imi4srjplqwtdp5uldwwwf7127gv
628,07/05/2020 02:24 PM,W1A 0AX,yes,father-in-law,swrbyr2xsuqihgte15nhzochypn5ug3u6t
629,21/05/2020 05:22 AM,B33 8TH,no,father-in-law,agud8pbu6zreicyebplavn7z8s5c2o
630,30/05/2020 11:32 AM,B33 8TH,yes,father,9gutfb4niu3dvf3x83bdqvwo11fjkmh5sst683u
631,09/05/2020 10:03 AM,X,yes,partner,64xi2ogxj3q7um94364pdy4wxvvgg3hp715m8nmw
632,24/05/2020 01:09 PM,SE1 8XX,no,father-in-law,bl1u
633,25/04/2020 09:19 AM,M1 1AE,no,brother,kcny75754ryp06uokbg8ir1cjio25jdb4b
634,21/04/2020 03:53 PM,DN55 1PT,no,brother,hy0nuocq7bkg6g32fno03d12
635,27/05/2020 05:03 AM,SW1V 4DG,yes,partner,seo0b77nlzwq8jwksx8i58daw5j9bw2vfovf9jlrpqx9tsx
636,02/05/2020 02:49 AM,B33 8TH,no,brother,7cdfvgbljo6asbv0vsur46bed45z66q98k2dhw9
637,14/05/2020 01:46 AM,SE1 8XX,yes,father,h3h
638,29/05/2020 11:27 AM,SW1 3RN,yes,father-in-law,j3t1m0qzajnc1gwzjsrmxhfu60r937o
639,14/05/2020 06:58 AM,M1 1AE,yes,father,hkbvv0k1t12y0ie36w49mf3y6ijzf0sk
640,26/05/2020 11:31 AM,M1 1AE,yes,father-in-law,02v187rjc4pod7wl0929klud16rm
641,21/04/2020 09:12 PM,M1 1AE,no,father-in-law,9jixikd58x690jrmx3abqgpoutqeyajcaktg
642,08/05/2020 11:57 AM,B33 8TH,no,father,k9vsdk0tcr0y92yiyypvrkml2jbderq
643,20/05/2020 05:48 AM,nan,yes,father-in-law,4map
644,21/04/2020 09:00 PM,SW1 3RN,no,father,awdc4v9thd2ykd2fr3fno8lh2laqbxq7
645,21/05/2020 04:31 AM,B33 8TH,no,partner,4iequwdr3tzpbncgid6lbolke8il9zikpnbkiu
646,19/05/2020 07:09 AM,nan,no,brother,2ycb4d1l9pp6cpc0g2lp3rggsdvf
647,16/04/2020 09:53 AM,X,yes,father,mmxbuqm1q1q7rd3pd9vh11x8e37qvnvqilc0j5
648,23/05/2020 11:21 AM,EC1A 1BB,no,father-in-law,vqnu4o2k46ymjagxh7oop15z91j08ki1e9le07u10kfge
649,22/05/2020 06:50 PM,EC1A 1BB,no,father,ll9odrg0gpgx
650,25/05/2020 05:06 PM,nan,yes,father,9wbpwngsfljdywlda7
651,03/05/2020 08:21 AM,CR2 6XH,no,father,w1bt3e885ybyhiw
652,22/04/2020 04:38 AM,CR2 6XH,no,brother,8crx5nqyz2s8mfmv6
653,11/05/2020 06:49 AM,B33 8TH,no,brother,43sgqswrpmsj9xnqpxs3eztq5
654,20/05/2020 02:10 AM,DN55 1PT,yes,father-in-law,c3yut6wva436h1jk
655,21/04/2020 08:18 PM,B33 8TH,no,partner,7az1b4ttaoqu
656,12/04/2020 04:21 AM,B7 4NG,no,brother,ibg
657,21/04/2020 08:25 AM,DN55 1PT,no,father,oe40fma4hl55o0agoimkz4gwcye1tbh0655qy
658,21/05/2020 08:01 AM,W1A 0AX,no,father,jdhy8zmv4b5vfr3txajd
659,30/05/2020 01:21 PM,W1A 0AX,no,father,hnu4hx2oqltl1zij1de5mpxqbylvd0cgpcde00n6
660,20/05/2020 05:01 AM,DN55 1PT,no,partner,q00z6s8b4bll8q1z8j7glesuhgzwx72649aaj
661,03/05/2020 05:51 PM,nan,no,brother,f3f4jh243i
662,13/05/2020 11:40 PM,SW1V 4DG,yes,father,mtr2z87t7o
663,20/05/2020 01:54 AM,SE1 8XX,no,brother,mztlqegyygtj399maju1y40lrsutfxsqxrro6pus9k
664,12/05/2020 11:41 AM,B33 8TH,yes,father-in-law,4igwysxsgrxz969l1rs32euos2m6
665,27/04/2020 01:22 PM,X,yes,father,sm227lcs8l2rdcbyf5mxq9v1fwxosjiestg
666,09/05/2020 05:01 PM,B33 8TH,yes,father-in-law,s
667,19/05/2020 04:49 PM,DN55 1PT,yes,partner,yrt2twy63gllv
668,30/05/2020 08:37 AM,X,yes,partner,ofagoh2zj7gdin6vb9n9dj5gu7fp3vriavpl1os
669,05/05/2020 10:13 AM,SW1V 4DG,no,father,e64ezznemv7sjumb9lj7
670,14/05/2020 12:10 PM,DN55 1PT,no,father,zpjxnthwvnh9e26v75f
671,15/05/2020 10:23 AM,nan,no,brother,j5hv0kxbptjl72jhshnz4olerm5r2tvlls
672,26/04/2020 09:03 PM,M1 1AE,no,father,5kzy4hdlwtninbs0w4j25
673,05/05/2020 12:50 PM,DN55 1PT,yes,father,m4maqldoe5viamoiyoxq5cuktlysavt4d9rylv06
674,17/04/2020 12:10 PM,B7 4NG,no,partner,bm8n
675,29/04/2020 07:16 AM,SE1 8XX,no,partner,mqjf
676,09/05/2020 11:31 AM,SE1 8XX,yes,father-in-law,dblug61ve7br8hv84k9n7yb80aznp34pm3sf0so
677,23/05/2020 04:14 PM,DN55 1PT,yes,brother,nd47sccsk0pw65xhikv2frr0vkcf9f4etn2ixj
678,22/05/2020 02:23 AM,B33 8TH,yes,brother,v90iuuwwuuv
679,15/05/2020 01:00 PM,W1A 0AX,yes,father,c5q
680,19/05/2020 11:40 PM,W1A 0AX,no,partner,krxxi36m345ulrf
681,09/05/2020 03:49 AM,SW1V 4DG,no,father-in-law,hckjop1ppxprte43hxdrrlii84rg
682,29/05/2020 04:00 AM,SW1V 4DG,no,father-in-law,t7
683,30/05/2020 05:53 PM,nan,no,father-in-law,hudi2fye6wbs
684,12/05/2020 01:21 AM,B7 4NG,yes,partner,0glrb9j0fv4m2r08xxtzge8c9
685,14/05/2020 07:46 PM,B33 8TH,no,father-in-law,xhm31h8f
686,25/05/2020 07:43 AM,nan,no,partner,ywl0zy2ef5hc6q3naip52osmdjqbrpo
687,15/05/2020 03:40 PM,CR2 6XH,no,partner,hxu
688,26/05/2020 02:49 AM,SW1 3RN,yes,father-in-law,f2nhiadyo0mj1xt16csvoe
689,15/05/2020 05:12 AM,nan,yes,brother,rmurd4rirq4jy5q38w3anf
690,09/05/2020 04:50 PM,B33 8TH,yes,father-in-law,g3aazbjirwrkahqnazlfgh82c9ep2y5rz8bnibpqzy
691,29/05/2020 10:34 PM,M1 1AE,no,brother,zznukmwegr
692,08/05/2020 09:58 PM,DN55 1PT,yes,partner,dgq0eokl5t
693,26/05/2020 02:29 AM,nan,yes,partner,lk8tkei00kd8ydptsjryv4s9o7
694,23/05/2020 03:45 PM,SW1 3RN,no,brother,696pkvcdg2w2
695,01/05/2020 10:02 PM,SW1 3RN,yes,father,jg5n0xx6lmuzbijnqv121nevwixihdb
696,27/04/2020 08:46 PM,SW1V 4DG,yes,brother,7zeoijs3vhjwlezpmp4dgncnp123k
697,26/05/2020 03:05 AM,DN55 1PT,yes,brother,f
698,25/05/2020 02:12 AM,B7 4NG,no,brother,4qagbaskus1mhvroofvv4dlkn2af5m43zpo3dcz6foh5maa
699,28/05/2020 11:13 AM,X,yes,brother,cqyvb1seia2pj5wvq
700,19/05/2020 09:48 AM,X,no,brother,0pnepss6yguim5
701,24/05/2020 08:48 PM,SE1 8XX,no,brother,rthxc
702,18/05/2020 12:09 AM,CR2 6XH,no,partner,q4z2wm6oc1c4acelg3cnlpcgvlzoa5cuwuxm6yq17etsyo
703,29/05/2020 10:13 AM,DN55 1PT,yes,father-in-law,mwxcdhaa4vy
704,30/05/2020 03:00 PM,B7 4NG,no,father-in-law,vhorbty
705,26/05/2020 02:41 AM,nan,no,father,v49m3b3bvu84ouhmm9db0io53gmi
706,09/05/2020 04:55 AM,SW1 3RN,yes,brother,oxlzwr8cn4unr2dhlhzv67vlyxjaz3bbw2yqsky6spd
707,18/04/2020 11:38 PM,B7 4NG,no,partner,ohh5
708,13/05/2020 08:46 AM,W1A 0AX,yes,father-in-law,3imfghoagslbody0wd2bn07o1j5nm00u2lxxhi5r606t6hufi
709,08/05/2020 11:54 PM,SW1 3RN,no,father-in-law,j1ks51n
710,29/05/2020 01:28 AM,B33 8TH,yes,brother,b0hgfferpyvo0eq3
711,30/04/2020 11:42 AM,CR2 6XH,yes,partner,dsbsaq06bm6jwgggdp9bwcnpa7rb2a8rqbiugo3nvtlcwe
712,31/05/2020 12:30 PM,SW1V 4DG,yes,partner,hp00gzymzu28
713,25/05/2020 02:33 AM,EC1A 1BB,yes,brother,t8bkfb7c18rlk6qdpi2fsh
714,30/05/2020 12:49 AM,nan,no,brother,fgmw0cbaloaj8fm1yn70g8mj4735hu7m
715,24/05/2020 03:50 AM,B7 4NG,no,father-in-law,orw5chmxsca5hst82
716,01/05/2020 06:02 AM,B7 4NG,no,partner,edebcg0c9opkdw9xzs01ssybi
717,21/05/2020 08:19 PM,EC1A 1BB,no,father,jjw26unt7kmexp3h341l0r
718,04/05/2020 04:39 AM,EC1A 1BB,no,father-in-law,80w2
719,07/05/2020 03:42 AM,EC1A 1BB,no,brother,9fr1x40aanhw7nw2rjv63g3d5uj8vsp3xu
720,29/04/2020 05:50 AM,B33 8TH,yes,partner,d9wzu106iv3leow
721,21/04/2020 09:38 PM,nan,no,father,47cng68tjh002gjqturq
722,11/05/2020 01:22 AM,SW1V 4DG,yes,partner,vja8qrgz7lewz5alxs3m9x4gwp18a1
723,26/05/2020 05:17 AM,SE1 8XX,yes,father-in-law,nnxj8e4
724,14/05/2020 05:09 PM,nan,no,partner,br7z9m9s4i2otcqj73twekfx9ea0qg7x3encshopubh1ucn4h1
725,16/05/2020 05:32 AM,nan,no,father-in-law,cfutt7ahrn6vo0s
726,28/05/2020 05:57 PM,CR2 6XH,no,brother,rckxxs1826xvajj9p7p7r0j6q3zjk9ajbohgqh3p
727,10/05/2020 03:16 AM,M1 1AE,no,partner,zub91p1cyig6y9zz0fxbgnm158zmwk547
728,04/05/2020 12:56 PM,W1A 0AX,no,partner,2v4fbbr628nmu11j2ebytgm
729,27/04/2020 02:24 AM,nan,no,brother,wmfs
730,15/05/2020 11:48 AM,SW1V 4DG,yes,partner,g5zfn5279cnnchson3cqp
731,26/05/2020 10:16 PM,SE1 8XX,no,partner,gycuyqmxuf2y5i5ayr508g3
732,10/05/2020 03:13 AM,CR2 6XH,no,partner,5wqk4imspuwk88yv96vix6kiujpv0a3k7xo7p4pd
733,20/05/2020 02:10 AM,SE1 8XX,yes,partner,27ryx1eyjslfkdu559rd07p09fwys1qmrk1dhzv
734,07/05/2020 03:37 AM,B33 8TH,yes,father-in-law,byaagy2ubwev11swkp2za9dt8jhf5s
735,31/05/2020 09:08 AM,DN55 1PT,yes,partner,cwsbh0ptm117quld0w3g
736,11/05/2020 07:48 AM,SE1 8XX,yes,father,iqioudutrz0w4in7677b
737,30/05/2020 01:25 PM,M1 1AE,yes,father,5irtewxkdxtyylhv9o112b8kd93thkn
738,02/05/2020 06:04 AM,EC1A 1BB,no,brother,xo5sbyi158g2s9uymrb
739,09/05/2020 08:59 AM,EC1A 1BB,no,father,g312ix0h0x0uh7ys5pqcvrqapnz
740,16/05/2020 08:42 AM,DN55 1PT,no,brother,lkaf87x7e63m3x
741,19/05/2020 12:59 AM,SW1V 4DG,yes,brother,ipghweqwvi8j1348se7q9
742,13/05/2020 09:40 AM,M1 1AE,yes,father,hxxr8ghh3o7f7642w0nd7vwprn7kq2pa1szbqy0kfezu31s45k
743,24/05/2020 06:28 PM,SE1 8XX,no,father,gtlnmmviniwvbprbjbkoqy5a7cx1soq0cfn
744,25/05/2020 05:24 PM,W1A 0AX,no,father,31133
745,07/05/2020 09:00 PM,W1A 0AX,no,partner,gs6lrxfx8164nj1kwq7cvmfw3wp37u3hkcbnbjc
746,20/05/2020 11:47 AM,SW1V 4DG,no,partner,fnn5xq7tfyylnvo6zmn7x1uhlx54a1ouq9rz7twb6rrmxrx
747,04/05/2020 01:30 PM,SE1 8XX,no,father,ckanjwxv1
748,31/05/2020 06:07 PM,B7 4NG,yes,father,q5f2iamh4aqsmprdma1cl4
749,23/04/2020 02:13 PM,nan,no,brother,66rsx8di57assar
750,10/05/2020 01:33 PM,X,yes,father-in-law,o2t0beqxf99cewlgxieeel1h8rvoxt84l
751,30/04/2020 05:31 PM,DN55 1PT,no,brother,h77qaghg
752,26/05/2020 03:12 PM,SE1 8XX,no,father,nfu5266dfg00tpeultbdoz2tyjfa
753,30/05/2020 12:12 PM,DN55 1PT,yes,brother,y8043ahj78p4cog6
754,27/05/2020 11:46 AM,SE1 8XX,no,father,ipid6t9n8k9n7pnq0t8xy05
755,30/05/2020 06:26 AM,SW1 3RN,yes,brother,ddj3zzj1uox2z7qlirhlcrvo
756,29/04/2020 01:46 PM,W1A 0AX,yes,father-in-law,jsoyxna
757,14/04/2020 11:15 PM,CR2 6XH,no,father,o9xnosqwcqfn811hq1v2i2bc1de8mfaeeo23z65g2x
758,25/04/2020 12:40 PM,CR2 6XH,no,father,ogkaxckmsxiziydr62h4m5xzuxivyw
759,29/05/2020 09:47 PM,DN55 1PT,no,partner,ixf54z54jgeyeesc7q4cesml87f6kr
760,31/05/2020 06:44 AM,X,no,father,5nngzjxztk4nu3j5qzp3l2yldln7lnhfaa8zz3bypqwbxj
761,26/05/2020 07:05 AM,SE1 8XX,yes,father,dfxgpzjc406x3zzqilgsjw37388dzqf5gcjilnjts8rvzm
762,26/05/2020 08:39 PM,SE1 8XX,no,partner,viz9nn5u9cmgo8pxc9m2
763,11/05/2020 03:13 AM,SW1 3RN,no,father-in-law,exo0t4ut9gnq0xdht7hyc8pgty72n3g9kbccrqi
764,26/05/2020 10:46 AM,EC1A 1BB,yes,father-in-law,d715qdb7d0j46lytj47u2r2zrkz1ltz5q99fnc8ytr7c
765,12/05/2020 12:18 AM,X,no,brother,21eh2rlv4cs2l62829bytgm2frliemoabpfff154n
766,23/04/2020 06:22 PM,SW1V 4DG,yes,brother,oq3oolawj7xih3g3d906z0hznw81aojqbi2
767,20/05/2020 02:51 AM,SE1 8XX,no,father-in-law,m3gyh7cyzd703eg4ze0zc3ern1j4mejvv26ic0n9yzht2ir
768,27/05/2020 12:30 AM,CR2 6XH,yes,partner,o
769,19/05/2020 02:47 PM,SE1 8XX,no,partner,b7bij77t93vqymygp61
770,23/05/2020 04:22 AM,EC1A 1BB,yes,brother,lb1g9vjldqe6b3azh4imceeur5x0bieoc2qaqi
771,26/05/2020 04:00 AM,CR2 6XH,yes,partner,6a
772,22/05/2020 07:00 PM,X,yes,father-in-law,aa9umdnlqsxl555kckbkyhrl
773,03/05/2020 10:46 AM,SW1V 4DG,yes,father,kwwkcxpolp1o5d464fd3ftgt7bnglg01arh6do26zy9fn0bzz5
774,31/05/2020 11:43 AM,W1A 0AX,yes,partner,fglsbthet6mp036rrnci6v449y21jfrijt
775,25/04/2020 06:36 PM,W1A 0AX,yes,brother,mxckruz4rdn1n2to9datztpv225wt8wwdr2nlrg1o0jpd0
776,15/05/2020 11:57 PM,W1A 0AX,no,father-in-law,ob8cy5dstwj9m
777,17/04/2020 07:04 AM,DN55 1PT,yes,brother,l8p0r9vyglxxw
778,04/05/2020 01:24 PM,B33 8TH,yes,father,hu3kvo3zi3fgbh2vzihlcqi1c20r22prg91
779,04/05/2020 12:53 AM,X,no,father-in-law,fawu7j6k83czw4la1ru
780,30/05/2020 02:48 PM,EC1A 1BB,yes,brother,4peg
781,08/05/2020 01:45 AM,CR2 6XH,yes,father-in-law,wcchh79pted13cga1l3r1rrx469rcy6yxrrmxdly27mug43lq
782,27/04/2020 02:24 AM,EC1A 1BB,no,father-in-law,htmsefkgi0e3ri5nhk3nwhqjg06fxygv5jfhm3s6xoh5l
783,19/05/2020 03:28 PM,B7 4NG,yes,father-in-law,wzv7c7ew5iw8u0x4yljwqknpla5
784,06/05/2020 01:13 PM,X,no,father,titptg4z4pciu7x66o5eo7n808wpbex0b5zxnvdo3
785,13/05/2020 08:03 AM,DN55 1PT,no,father,ughtp5hwqb6ombligwun4h7kgtxqbe8jz9fh2
786,15/05/2020 08:12 PM,M1 1AE,no,father,0rcp29b4qn7cy4wfljhcsc2vie52ofalticr4pf4skfbab0aqs
787,08/05/2020 12:27 AM,EC1A 1BB,no,partner,p6a001hc1r3ozmj70wskldkkgyfq53ksot
788,04/05/2020 05:52 PM,EC1A 1BB,yes,partner,z1ll4kqgmp
789,11/05/2020 11:34 AM,CR2 6XH,no,brother,3
790,20/04/2020 06:45 PM,DN55 1PT,yes,brother,1l91ypoi345xcjzwvc
791,04/05/2020 05:24 AM,M1 1AE,yes,father-in-law,3azuy
792,27/04/2020 12:40 AM,CR2 6XH,yes,partner,b2qh87ndcod62h1brn93lbnwaqalcq754e8jq44eqf7ba
793,05/05/2020 11:26 PM,DN55 1PT,yes,brother,yk0f3d
794,30/05/2020 11:18 AM,W1A 0AX,yes,father-in-law,11nify14v928csxelih
795,25/05/2020 10:54 AM,X,no,father-in-law,
796,27/05/2020 08:48 PM,M1 1AE,yes,father-in-law,3h12ame90ew
797,28/05/2020 05:47 AM,DN55 1PT,yes,father-in-law,1jzlhq4kxtl2t8pdn0k
798,05/05/2020 10:34 PM,SW1V 4DG,no,partner,sgygvvaihqoe9osjexn5wh1v4f137svu4
799,12/05/2020 04:40 AM,M1 1AE,no,father,r121aqdxpz8ar9m81l0ckpt0na
800,18/05/2020 06:18 PM,DN55 1PT,no,partner,ityzfmq7pyigdxw0
801,13/05/2020 03:39 AM,SW1 3RN,no,brother,jz6gd7c
802,21/05/2020 02:36 PM,X,yes,father,nrp0b3wnrc8o0yeqrsd0hru4rav0rbzqobqtonyhj7a5
803,29/04/2020 09:28 AM,SW1 3RN,no,partner,plm9rypq1yo7cm5fcaof3tlbn
804,15/05/2020 10:10 PM,B33 8TH,yes,brother,kxev3xmce3lh9isahteawzuqczi7qtzbgsobsxvd5d
805,30/05/2020 05:35 PM,B33 8TH,yes,partner,x9b8198gbxl8uhk
806,05/05/2020 03:19 AM,M1 1AE,yes,partner,fi7vv4agt4rxfphwx46hj1aogn3xqqg0kmpcj2zdm7w48
807,30/04/2020 03:05 PM,EC1A 1BB,yes,brother,h9wmw6jghzvih09nhh6petoq8a42vh0zwowes6xv6i0553w
808,26/05/2020 09:42 AM,DN55 1PT,no,father,uul5sjxls0fk6am8n4gunzuz2b6k2
809,22/05/2020 12:56 AM,SE1 8XX,no,father,hdbeehenymfbuda
810,21/04/2020 01:37 AM,SE1 8XX,no,partner,xhvd8c831o
811,18/05/2020 03:08 PM,B33 8TH,yes,brother,uxz44gaiz12bswwrefvb7xxpdcx8qko8qcjrc
812,10/05/2020 01:49 PM,CR2 6XH,yes,partner,6cdfy1ri
813,15/05/2020 11:13 PM,SW1V 4DG,no,father,v4d2dwfsyw1pyeicopr9mo73bsd32km8l7
814,02/05/2020 02:14 AM,X,no,brother,rvxxkmx48ep19tbg4za3eu7nap2kpkciui
815,30/04/2020 05:37 PM,CR2 6XH,yes,partner,s2jcq6cofnkjyohblkykumspc4eo8urzta4p0l5ga3rbksbky7
816,30/05/2020 03:03 PM,SW1 3RN,no,brother,ntimevkre653kpulyltx1
817,20/04/2020 05:43 PM,SW1V 4DG,no,partner,lhqoah0v9e2wfbxii
818,29/04/2020 01:15 PM,W1A 0AX,yes,father-in-law,2r2qi499gucb3vgg9zbqv9euw6xh5mo5h3xjzi3k
819,18/05/2020 08:32 AM,CR2 6XH,no,brother,28ywssv6vq42h3wgzs1t47nugg58w1xv58sszs8wr
820,17/05/2020 01:54 AM,EC1A 1BB,yes,partner,egxead0qxqhpng426k70ittm
821,05/05/2020 06:32 PM,SW1V 4DG,yes,partner,nz84keopc99e9m6n9a2m9yssc9s
822,21/05/2020 05:32 AM,B33 8TH,no,brother,bag1ro5apw49dwkwrnr25uvywa15je7fnm6m
823,17/05/2020 11:32 AM,B33 8TH,no,father-in-law,gfblv7ffpzd043eb5aa2v
824,03/05/2020 03:11 AM,SW1V 4DG,no,father-in-law,pjtqja
825,23/04/2020 12:49 PM,B33 8TH,yes,brother,1sm8tu5mwr6zzrjpygpfvotfm8bkodt4r
826,24/05/2020 03:27 PM,EC1A 1BB,yes,brother,y
827,10/05/2020 10:32 AM,B33 8TH,yes,partner,vtb5744tp2wbz6kpjymx7qn8r29ou9ut76vuu8getwwmruyimp
828,15/05/2020 02:42 AM,EC1A 1BB,no,father-in-law,hvsbtvweb888gt
829,23/05/2020 02:33 AM,CR2 6XH,no,partner,7tllymeqo2m01434gwd0uiaj
830,30/04/2020 12:51 AM,B7 4NG,no,brother,
831,19/05/2020 08:56 PM,B7 4NG,no,brother,620zu0f
832,10/05/2020 07:37 PM,EC1A 1BB,yes,brother,7pfaduljdbkynkn8ol6
833,18/05/2020 07:13 AM,B7 4NG,no,father-in-law,huzuz05r2707twr6qw4g
834,15/05/2020 03:15 AM,X,yes,partner,hbzyn7rizjrzo1c
835,01/05/2020 07:13 PM,SW1V 4DG,no,father-in-law,w4oohycbtc93qbdmtevm
836,13/05/2020 06:01 AM,DN55 1PT,yes,father,7ao0zh
837,21/05/2020 12:41 PM,W1A 0AX,yes,father-in-law,y667hzjzncg7qjlnhbwpdcrmr5xtamd7v
838,24/05/2020 08:41 AM,SW1V 4DG,yes,partner,9v8t4rw5x2ncmba2osmgd8gsmz0xjens0msv3mbusouxscb38
839,14/05/2020 07:04 PM,B7 4NG,no,father,irlfq3k8456mjza77g5cg2n2gn5iiov5tshs3d2ye3
840,30/05/2020 08:40 AM,EC1A 1BB,no,father,mz
841,18/05/2020 03:25 PM,CR2 6XH,yes,brother,eeushnz
842,15/05/2020 10:29 AM,SW1V 4DG,no,partner,1sc40m11uyukih0y25v
843,25/05/2020 03:43 AM,DN55 1PT,no,brother,dip488od0l19yi9nadyuq
844,18/04/2020 04:07 PM,SW1V 4DG,no,father,jpp7dhmf2gobg5
845,28/05/2020 06:41 PM,SW1V 4DG,yes,father,2elmjd2hg7ap3tdz28qgbz9hhd
846,23/05/2020 08:57 PM,nan,yes,partner,7f963ce65z2wjdzjzz7f7cf0ftss8m30gtuuzz75u3yv1
847,23/05/2020 04:24 PM,W1A 0AX,no,father,wke4btav8jmy2fj3oa0t1q8b3v3kz6bb
848,30/05/2020 03:14 PM,SW1V 4DG,yes,father-in-law,bq5cjh2h3wi4gh7tzjjs4g9dl73d6pwngeu9zxh74fbzf
849,12/05/2020 03:19 PM,SE1 8XX,yes,father-in-law,vzaid8gxtbr0l62jjwfsl
850,27/05/2020 03:58 PM,W1A 0AX,yes,brother,3d16jwdjz4z35aeab7lyfs7fnmvy
851,23/04/2020 11:29 PM,B7 4NG,yes,father-in-law,1ndbewpsl30ut03em7txqdwgctcby
852,15/05/2020 10:27 AM,SW1 3RN,yes,partner,q0fa6qjarmh8ubbv9lfe0y1hmq16z07iw8wl4i5grwv
853,09/05/2020 04:44 PM,nan,no,partner,rr43yhl9uztb8we8yg896kcld7ym1zjhnopl9b
854,25/05/2020 03:52 AM,CR2 6XH,no,father,xw6ae463hc5lxo
855,08/05/2020 12:31 AM,SE1 8XX,no,father-in-law,tof
856,27/04/2020 01:24 AM,SE1 8XX,yes,partner,bysl7rm42yjbxnfy45n11bny8746
857,23/05/2020 04:36 AM,DN55 1PT,yes,father,8nm
858,30/04/2020 03:53 AM,EC1A 1BB,no,father,rdjy5jxr5pt909uaf9lo3hf9u
859,24/05/2020 02:49 AM,B7 4NG,no,father,lb4e
860,16/05/2020 10:33 AM,DN55 1PT,no,brother,azxrd18ytj1mhqzj092j5raf3zv0qbvj2gy3sqyxmcszghdt3y
861,16/05/2020 06:03 AM,B33 8TH,yes,father,3vtj7zb0ctw671
862,17/05/2020 05:12 AM,X,no,father,b0tbij8or8y81lfpab7612b400674524xipd3smvfw6tgn
863,30/05/2020 03:08 PM,SW1V 4DG,no,father,yh
864,05/05/2020 06:41 PM,X,no,partner,ue24r5b
865,07/05/2020 12:56 AM,B7 4NG,yes,brother,x30x4stb9ujhb5pmp95f28t3qve9gnkvuj8sss1ghk
866,13/05/2020 12:27 AM,B33 8TH,no,partner,pl2e9am3dy1rz2ugbe
867,22/04/2020 03:36 AM,SE1 8XX,yes,father,zdort0kjyfv4axhsqes8u1l8
868,21/05/2020 05:54 AM,SW1 3RN,yes,partner,civukj5saaogv8euba1lw5b
869,23/05/2020 07:32 PM,DN55 1PT,yes,father-in-law,rsuqslux6cgoxu5m7sus
870,21/04/2020 04:03 AM,X,yes,brother,ryiw1wwau7dc67mq6jksf1b
871,31/05/2020 10:01 AM,nan,yes,partner,bsg59q85nu
872,14/05/2020 02:52 PM,M1 1AE,no,brother,qspcuq4x133zoek1lrdy5crdtdhobay
873,31/05/2020 05:30 AM,SW1 3RN,yes,father,7jveh4179a
874,14/05/2020 12:23 PM,X,no,partner,s1lt
875,22/05/2020 09:14 AM,EC1A 1BB,no,brother,lim03nsasiemp2bwww
876,28/05/2020 06:14 AM,X,yes,brother,obp4foxucufe4cekn2fuumr0w4rmbvn3x6jqi
877,30/05/2020 11:10 AM,B7 4NG,no,brother,flq0ptirk7md2rl45hd2hm3kyky0au9r9aj
878,13/05/2020 07:22 AM,SW1V 4DG,yes,father,z4
879,22/05/2020 03:02 AM,B33 8TH,no,brother,08h5e0m9y2pgpa9eefmx
880,11/05/2020 04:43 AM,B7 4NG,no,brother,8p288hamn47e2u29fposilv0rwwxhyh9k8twmyjai1624rl
881,25/05/2020 05:59 PM,CR2 6XH,no,partner,4
882,02/05/2020 04:23 AM,W1A 0AX,yes,father,plqv9d8wfazo6o79i0j4ri15ylv7t4e
883,13/05/2020 09:46 PM,SW1 3RN,no,partner,r5ihi5vpnxjurchmyt
884,25/05/2020 04:29 PM,SW1V 4DG,yes,father,3j57fdyx9f83d7ovsqbxqjgqwnkdizdpu8j4g0pgff1zfh9
885,09/05/2020 03:36 AM,SE1 8XX,yes,brother,06800mkomtfogd50wva9jasfk
886,25/04/2020 06:39 PM,M1 1AE,yes,partner,xswefyg
887,16/05/2020 06:08 PM,DN55 1PT,no,brother,or28705fec1d0toh60pkoy4p81r68kejknszdg2e26o6iha6
888,19/05/2020 07:57 PM,EC1A 1BB,no,partner,28kib7
889,07/05/2020 01:58 PM,CR2 6XH,no,father-in-law,da156i6hn25gn9zsavbtyu5eckziqvbgiv3znz
890,15/05/2020 02:33 AM,B7 4NG,no,father-in-law,pbprim153myd7ig5ychrh0fd5epythqdpv
891,28/05/2020 06:05 PM,DN55 1PT,no,father,jnhpfahievyrsv94evqemml
892,13/05/2020 07:20 PM,X,no,father-in-law,em0232dnn67fq2hz
893,10/05/2020 02:29 AM,EC1A 1BB,yes,brother,uyl7ejy6g1valehnjotm7ysintqs980htmagzwbtl
894,02/05/2020 04:12 PM,SE1 8XX,yes,partner,m5wk92j62i9s6aje5bc1rp5hqgduvxkxe47pgt0icihr
895,12/05/2020 07:16 PM,DN55 1PT,yes,brother,8016p8sdvnbf57k21mhqur32k6600
896,03/05/2020 03:34 PM,W1A 0AX,yes,father,1x3o3hk1jz9nn833qx
897,31/05/2020 07:05 AM,EC1A 1BB,yes,brother,q5ebddk56qux8tzwnrnx97py5
898,03/05/2020 12:40 PM,X,yes,partner,vh0ra
899,10/05/2020 01:52 AM,nan,no,father,sqx5jj9fugwihvwgaqvwlrbkvclahmm7z
900,14/04/2020 08:02 PM,X,no,partner,rbos5k1iy
901,29/04/2020 04:24 PM,SE1 8XX,yes,partner,
902,16/05/2020 12:26 AM,DN55 1PT,yes,father,tcpmms2psoli36n1xm
903,31/05/2020 02:44 PM,nan,yes,partner,s780niofeo0uz
904,22/05/2020 01:02 AM,nan,yes,father-in-law,6dxzuc7kiuqppo35g4kmhecqhgjsp
905,08/05/2020 03:05 AM,SE1 8XX,yes,brother,cayj0y97mk3s9g
906,22/05/2020 01:44 AM,SW1 3RN,yes,partner,ycd5l7xu9l78y5f1cg
907,13/05/2020 03:34 PM,EC1A 1BB,yes,father-in-law,fcigbu0h4vmfxz4aswio71h5fcceitpoy3a4
908,01/05/2020 01:06 AM,DN55 1PT,no,brother,7t7k4ul21azwg
909,29/05/2020 05:07 AM,SE1 8XX,yes,brother,bhc6
910,06/05/2020 04:59 AM,SW1V 4DG,no,father-in-law,o6pu40pt66q9tnsnbo8cnvkrqtxco7bxuqreptx9vnacmc6i7
911,18/05/2020 03:06 AM,W1A 0AX,yes,partner,
912,14/05/2020 07:38 AM,DN55 1PT,no,brother,e2hwpih28x3a6jk7dxhvbu8
913,05/05/2020 06:41 AM,SW1 3RN,no,partner,
914,16/05/2020 05:43 AM,W1A 0AX,yes,father-in-law,p5v2c71xbh5ck0w1flxrte2
915,18/04/2020 05:45 AM,W1A 0AX,yes,brother,ectixxr00dgcxl7olkj2dmg8q2rmq7gw3zbp9p4
916,29/05/2020 07:39 AM,B33 8TH,yes,father,5d381fpvisl
917,21/05/2020 05:43 AM,W1A 0AX,yes,father,b8vzoy0ktvcbdgda5s2zjdizxw8rl
918,20/05/2020 01:21 AM,EC1A 1BB,yes,brother,oncvihr54yva7druw1
919,30/05/2020 11:25 AM,B33 8TH,no,father,w28y2tbj7r86z0y7uo89fsez6x0n16848p9
920,05/05/2020 10:05 AM,SW1V 4DG,no,father-in-law,u4ptimki000
921,04/05/2020 05:42 PM,nan,no,partner,6u1gk3sdlzfywvvi166lsgnbnxokzyyc2fe4f8aermmo
922,20/04/2020 01:26 AM,B33 8TH,no,father,l5ab6wpcyjgq9eyz9y00eyishw40bvbtq
923,12/05/2020 01:37 AM,nan,no,father-in-law,xzvevdn0c2lagkx780chb4fbgdj53uc1add
924,10/05/2020 01:35 PM,SW1 3RN,no,father,h4ghq3bv4xnuon3w8k60tjixjeg4qr
925,20/05/2020 05:49 PM,B7 4NG,yes,father,v0zxar9q0zszx6a864wq3gnlp43vj0n5nypzn0akr9m6ttt
926,07/05/2020 08:27 PM,DN55 1PT,no,father,b3try0sbe3kl2in6x402zn4np0zue26h55cp5p15
927,30/05/2020 08:54 PM,B33 8TH,yes,father-in-law,7dsqg7t6tv8m8y7o163d5y5p1erijbes7f6
928,19/05/2020 03:39 PM,M1 1AE,no,brother,lx7rdwsl352fg84jr
929,29/05/2020 04:56 AM,SW1V 4DG,yes,brother,tvneoucrd28qtbl981dm4iib2fxx3
930,12/05/2020 11:40 AM,SE1 8XX,yes,father-in-law,tqu8ywuazd4z0m88ht01o1oy8ynxqerzq0vsjkrbukdo11
931,21/05/2020 12:16 PM,B7 4NG,yes,father-in-law,n3nbcvkl6g4c
932,24/05/2020 07:00 AM,SW1 3RN,no,partner,fvdps3bpn2icgrmvc7v53zyphm0q197mk5o
933,20/04/2020 10:15 PM,M1 1AE,yes,father-in-law,qejl1voxt2xbskirn4oanl
934,27/04/2020 07:38 PM,CR2 6XH,no,father-in-law,szhk1bk2
935,14/05/2020 04:54 AM,M1 1AE,no,partner,let1xl04sxn5a5v31v9uka15mqq88euii5
936,26/05/2020 01:47 PM,B7 4NG,no,father,638iv6i3b6u2fqiqekf71499pcvrqxzsr5i0cl0nkvkv9uab
937,06/05/2020 02:07 PM,X,yes,partner,plw7ivvqodn8ul5xh7fmw44buj3sx4h2pzybkwurjvwi
938,12/05/2020 03:22 PM,SW1 3RN,yes,father,1pzvkfipzb5vuyobdm0fwxtg
939,14/05/2020 10:31 PM,X,yes,father-in-law,bo56lhr7gemic0epspaaed7vzmzlq2ho5bdlukir8cr
940,16/04/2020 06:25 AM,SW1 3RN,yes,father,ddjnoe416qykc2u2qxpzftybosbdms9zn3c9lo7f6qshz4g35
941,05/05/2020 05:59 AM,SW1 3RN,no,brother,ffu5r40j3jc1xqg
942,17/05/2020 04:34 AM,B7 4NG,no,partner,golm8h3mquyau63nod406hq
943,20/05/2020 07:34 AM,B33 8TH,yes,brother,hjhnf96p67ysriezqd95lr5hybucx7e8y6ymvilrhr
944,19/05/2020 05:35 AM,W1A 0AX,no,father-in-law,8wle0avgfvgw5
945,09/05/2020 09:41 AM,SW1V 4DG,no,father-in-law,r84ulwvzhmo
946,20/05/2020 09:30 PM,B33 8TH,no,partner,lxgodoqkkl3a5jc5c7ptwtis7kb3ab2j7
947,21/05/2020 09:35 AM,SW1V 4DG,no,father,kc66m231ugwjgbynjxalsfhl03l8o4v0ay353y97p03u17w
948,28/04/2020 12:05 AM,CR2 6XH,no,brother,zrjatiqws9pw8914xfle611f3lhihyhha0fjx2t37
949,02/05/2020 04:42 AM,B7 4NG,no,brother,b6p
950,17/05/2020 11:05 PM,SE1 8XX,yes,father,y9dq27fo0p
951,12/05/2020 01:02 PM,B33 8TH,yes,partner,6unclobczd1c7sjg
952,12/05/2020 12:40 PM,W1A 0AX,no,brother,6yumwrzpzsj6xroacdnmaypvfif915eqmjjcrhb5
953,18/04/2020 01:18 AM,X,yes,brother,1krf
954,06/05/2020 11:54 AM,M1 1AE,no,partner,qgrhc1vd9gt67pm9g1hjf28eqg0qvaahnhr6nx5e1tu
955,22/05/2020 02:20 PM,DN55 1PT,no,father,3qko18f6soqpt7hpu1g7cklfsv6z5
956,18/04/2020 06:00 PM,M1 1AE,no,father,aza0ft97qj1fwhcgh88qpscwxdpkb8l13qy
957,27/05/2020 03:17 PM,B33 8TH,no,father-in-law,vx960hqctbisd3ys3lue99ebb79
958,23/05/2020 12:25 AM,B33 8TH,yes,brother,fr6apjzl
959,04/05/2020 09:19 AM,SW1 3RN,no,partner,2koi9vd4nytmr7wgrigapxlvt1hbvcf03xck0njai1i
960,08/05/2020 11:07 PM,W1A 0AX,no,father,d79flke279874m6od8k4n60tmurenexptdf881m4ziy
961,20/05/2020 04:55 PM,W1A 0AX,no,partner,lcebzp5mrpmww
962,15/04/2020 03:25 AM,DN55 1PT,no,brother,v3hp8llhyqdyk49yd1j6eu6g1f8s
963,25/05/2020 01:50 PM,SW1 3RN,no,father-in-law,8p6qkw99rm93b67d33gak
964,28/05/2020 07:53 PM,EC1A 1BB,no,brother,d8jt5o3e3jgmiywhh00k83
965,01/05/2020 11:55 AM,nan,no,brother,1ttvbvjzfg7083zogv8rpe
966,12/05/2020 08:14 PM,nan,yes,father,n5cepuhuk5qqa7mzpoozeee
967,21/05/2020 12:16 AM,SE1 8XX,yes,father-in-law,9hstcl9iktyyei9ik8m7ronruipvwlpy4kcm3vcuddx
968,24/05/2020 04:42 AM,SE1 8XX,no,brother,yc5w759ac1ktdm8dmruxdxmb7mfz1bz7l
969,25/05/2020 07:26 PM,EC1A 1BB,no,father-in-law,k5ty
970,24/04/2020 12:48 PM,SW1V 4DG,yes,father,obuma96sigxe1g7w3dt19sx24r3gglvjph
971,09/05/2020 06:24 AM,SW1 3RN,no,father-in-law,opr8fyw6gg44j29r
972,15/04/2020 09:05 PM,M1 1AE,yes,father-in-law,6a5ie9umbkkctin8n6uh5munaq32xs
973,04/05/2020 11:30 AM,SW1V 4DG,no,father,8gwhdq51kiu7kaq
974,21/04/2020 10:12 AM,EC1A 1BB,no,brother,8xulsofrv
975,30/05/2020 03:41 PM,SW1V 4DG,no,father,cfoos540uh15x2mlybvd
976,28/04/2020 12:17 PM,nan,no,brother,y82rrlrxki4rusnj
977,25/05/2020 04:14 PM,SW1V 4DG,no,partner,peue2pfrke5eeoezg3gcde6dd0n5s19on0ur9
978,21/05/2020 04:19 PM,X,yes,father-in-law,enrta9w6
979,19/04/2020 07:35 AM,X,yes,partner,mf68qnb12yygi54ot9kbklirx2u4rluth52p
980,26/05/2020 12:14 PM,X,no,partner,2j7
981,03/05/2020 06:54 AM,SE1 8XX,yes,father,j299iblebai6uv8fbj4q57xc6wq91ontvy2ttuov9xwaa0h3s
982,24/05/2020 03:31 AM,B33 8TH,yes,father-in-law,xuu95yjeexkdgcag2eqa57js
983,29/05/2020 09:07 PM,M1 1AE,yes,brother,ux48bifwcbdvzoer5lqc22kyp
984,27/05/2020 05:42 AM,M1 1AE,yes,partner,dlwwhdab
985,09/05/2020 06:33 PM,SE1 8XX,no,father,bjteh456osolfot64qcex8
986,06/05/2020 08:37 AM,SW1 3RN,no,father,0cfjbax5eqm4lnrv1lwt0cbxazzlqfbdwxl1zbc
987,21/04/2020 10:21 AM,B33 8TH,yes,father-in-law,x5vjqlsovzl00nlgfcwbsqh7upc7a07ol3al4cjl5pv5
988,22/05/2020 10:42 AM,EC1A 1BB,yes,father,fcfgyain1uq4qg35d70jsqpi3due
989,25/05/2020 09:41 PM,M1 1AE,no,partner,015qeyqx8zcptb9jw0a1lv8xm1azgxaf1b
990,22/05/2020 04:14 AM,X,no,father,7n54z68hgr
991,22/05/2020 09:31 AM,B33 8TH,no,father-in-law,zybrv1dhw8iksrkr6r41uvhqm79dwmtqg896i5
992,09/05/2020 08:34 AM,M1 1AE,yes,partner,lvn51jpkihfb2evvjxi81tvukhmjjfooa28stlzbzgufaa774
993,12/05/2020 10:35 PM,M1 1AE,no,father,faeykx2v3d1er5zd2
994,15/05/2020 05:48 AM,X,no,father-in-law,6r6kt3qeojjajvlckd
995,31/05/2020 07:44 PM,SW1V 4DG,no,father,4e6mngw11ldtomh9j48swd1xtsdyf435hvl9s3yr
996,07/05/2020 01:38 PM,SW1 3RN,yes,brother,b67qr1t
997,24/04/2020 01:00 PM,X,no,father,70mu4zba2wa5v1p7ddfv3r138krju84dz4u6jzlrqiw1wxhv
998,25/05/2020 12:27 AM,B7 4NG,yes,partner,6vz1ot1urp2z0cwvw7pa05jfuvma23lfehbrog3
999,25/04/2020 05:28 PM,B33 8TH,yes,partner,v9chqu3o85jdp2i5cp7vsedmwbtgovah5
